{
    "contributors": null,
    "coordinates": null,
    "created_at": "Wed Nov 08 08:01:54 +0000 2017",
    "entities": {
        "hashtags": [
            {
                "indices": [
                    27,
                    40
                ],
                "text": "glossierpink"
            },
            {
                "indices": [
                    41,
                    48
                ],
                "text": "beauty"
            },
            {
                "indices": [
                    49,
                    59
                ],
                "text": "bbloggers"
            },
            {
                "indices": [
                    60,
                    67
                ],
                "text": "london"
            },
            {
                "indices": [
                    68,
                    77
                ],
                "text": "glossier"
            },
            {
                "indices": [
                    78,
                    91
                ],
                "text": "glossierbalm"
            }
        ],
        "symbols": [],
        "urls": [
            {
                "display_url": "instagram.com/p/BbOhBjjHnL7/",
                "expanded_url": "https://www.instagram.com/p/BbOhBjjHnL7/",
                "indices": [
                    93,
                    116
                ],
                "url": "https://t.co/CmGgyMJWE2"
            }
        ],
        "user_mentions": []
    },
    "favorite_count": 1,
    "favorited": false,
    "geo": null,
    "id": 928170703265976320,
    "id_str": "928170703265976320",
    "in_reply_to_screen_name": null,
    "in_reply_to_status_id": null,
    "in_reply_to_status_id_str": null,
    "in_reply_to_user_id": null,
    "in_reply_to_user_id_str": null,
    "is_quote_status": false,
    "lang": "en",
    "metadata": {
        "iso_language_code": "en",
        "result_type": "recent"
    },
    "place": null,
    "possibly_sensitive": false,
    "retweet_count": 0,
    "retweeted": false,
    "source": "<a href=\"http://instagram.com\" rel=\"nofollow\">Instagram</a>",
    "text": "glossier Rose Balm \ud83d\udc95\ud83c\udf38 \u2022\u2022\u2022 \u300a#glossierpink #beauty #bbloggers #london #glossier #glossierbalm\u2026 https://t.co/CmGgyMJWE2",
    "truncated": false,
    "user": {
        "contributors_enabled": false,
        "created_at": "Sat Jun 26 18:20:06 +0000 2010",
        "default_profile": false,
        "default_profile_image": false,
        "description": "I'm an Italian personal shopper, a stylist, a fashion blogger and a fashion editor living in London. Follow my blog  https://t.co/IVaFed6TdI",
        "entities": {
            "description": {
                "urls": [
                    {
                        "display_url": "dorafashionspace.com",
                        "expanded_url": "http://www.dorafashionspace.com/",
                        "indices": [
                            117,
                            140
                        ],
                        "url": "https://t.co/IVaFed6TdI"
                    }
                ]
            },
            "url": {
                "urls": [
                    {
                        "display_url": "doramarotta.com",
                        "expanded_url": "http://www.doramarotta.com/",
                        "indices": [
                            0,
                            23
                        ],
                        "url": "https://t.co/rdXsTdMXCD"
                    }
                ]
            }
        },
        "favourites_count": 443,
        "follow_request_sent": null,
        "followers_count": 1522,
        "following": null,
        "friends_count": 842,
        "geo_enabled": false,
        "has_extended_profile": false,
        "id": 159932844,
        "id_str": "159932844",
        "is_translation_enabled": false,
        "is_translator": false,
        "lang": "it",
        "listed_count": 248,
        "location": "London",
        "name": "Dora Marotta",
        "notifications": null,
        "profile_background_color": "000000",
        "profile_background_image_url": "http://abs.twimg.com/images/themes/theme11/bg.gif",
        "profile_background_image_url_https": "https://abs.twimg.com/images/themes/theme11/bg.gif",
        "profile_background_tile": false,
        "profile_banner_url": "https://pbs.twimg.com/profile_banners/159932844/1430160321",
        "profile_image_url": "http://pbs.twimg.com/profile_images/592761258404872193/EJpzx7y2_normal.png",
        "profile_image_url_https": "https://pbs.twimg.com/profile_images/592761258404872193/EJpzx7y2_normal.png",
        "profile_link_color": "F5ABB5",
        "profile_sidebar_border_color": "000000",
        "profile_sidebar_fill_color": "000000",
        "profile_text_color": "000000",
        "profile_use_background_image": false,
        "protected": false,
        "screen_name": "D_FashionSpace",
        "statuses_count": 15549,
        "time_zone": "Greenland",
        "translator_type": "none",
        "url": "https://t.co/rdXsTdMXCD",
        "utc_offset": -10800,
        "verified": false
    }
}
{
    "contributors": null,
    "coordinates": null,
    "created_at": "Tue Nov 07 23:48:54 +0000 2017",
    "entities": {
        "hashtags": [
            {
                "indices": [
                    34,
                    43
                ],
                "text": "fblogger"
            },
            {
                "indices": [
                    44,
                    69
                ],
                "text": "losangelesfashionblogger"
            },
            {
                "indices": [
                    70,
                    83
                ],
                "text": "beverlyhills"
            },
            {
                "indices": [
                    84,
                    90
                ],
                "text": "fblog"
            },
            {
                "indices": [
                    91,
                    97
                ],
                "text": "style"
            },
            {
                "indices": [
                    98,
                    103
                ],
                "text": "blue"
            },
            {
                "indices": [
                    104,
                    114
                ],
                "text": "bluesuede"
            },
            {
                "indices": [
                    115,
                    128
                ],
                "text": "glossierpink"
            },
            {
                "indices": [
                    129,
                    140
                ],
                "text": "ankleboots"
            }
        ],
        "symbols": [],
        "urls": [
            {
                "display_url": "nomadmoda.com/blue-suede/",
                "expanded_url": "http://nomadmoda.com/blue-suede/",
                "indices": [
                    10,
                    33
                ],
                "url": "https://t.co/VzPRageb0Z"
            }
        ],
        "user_mentions": []
    },
    "favorite_count": 0,
    "favorited": false,
    "geo": null,
    "id": 928046633429876736,
    "id_str": "928046633429876736",
    "in_reply_to_screen_name": null,
    "in_reply_to_status_id": null,
    "in_reply_to_status_id_str": null,
    "in_reply_to_user_id": null,
    "in_reply_to_user_id_str": null,
    "is_quote_status": false,
    "lang": "en",
    "metadata": {
        "iso_language_code": "en",
        "result_type": "recent"
    },
    "place": null,
    "possibly_sensitive": false,
    "retweet_count": 0,
    "retweeted": false,
    "source": "<a href=\"http://twitter.com/download/iphone\" rel=\"nofollow\">Twitter for iPhone</a>",
    "text": "New Post: https://t.co/VzPRageb0Z #fblogger #losangelesfashionblogger #beverlyhills #fblog #style #blue #bluesuede #glossierpink #ankleboots",
    "truncated": false,
    "user": {
        "contributors_enabled": false,
        "created_at": "Mon Apr 16 00:27:19 +0000 2012",
        "default_profile": true,
        "default_profile_image": false,
        "description": "\ud83d\udcf8 Fashion Photographer | Blogger | Nomad \u2708\ufe0f Booking: \ud83d\udce9 deena.thiel@gmail.com",
        "entities": {
            "description": {
                "urls": []
            },
            "url": {
                "urls": [
                    {
                        "display_url": "deenadanielle.com",
                        "expanded_url": "http://www.deenadanielle.com",
                        "indices": [
                            0,
                            23
                        ],
                        "url": "https://t.co/DiJfqRUx4X"
                    }
                ]
            }
        },
        "favourites_count": 99338,
        "follow_request_sent": null,
        "followers_count": 1049,
        "following": null,
        "friends_count": 98,
        "geo_enabled": true,
        "has_extended_profile": false,
        "id": 554739535,
        "id_str": "554739535",
        "is_translation_enabled": false,
        "is_translator": false,
        "lang": "en",
        "listed_count": 58,
        "location": "Los Angeles, CA",
        "name": "Deena Danielle",
        "notifications": null,
        "profile_background_color": "C0DEED",
        "profile_background_image_url": "http://abs.twimg.com/images/themes/theme1/bg.png",
        "profile_background_image_url_https": "https://abs.twimg.com/images/themes/theme1/bg.png",
        "profile_background_tile": false,
        "profile_banner_url": "https://pbs.twimg.com/profile_banners/554739535/1496685021",
        "profile_image_url": "http://pbs.twimg.com/profile_images/844229360471150592/jK4172EK_normal.jpg",
        "profile_image_url_https": "https://pbs.twimg.com/profile_images/844229360471150592/jK4172EK_normal.jpg",
        "profile_link_color": "1DA1F2",
        "profile_sidebar_border_color": "C0DEED",
        "profile_sidebar_fill_color": "DDEEF6",
        "profile_text_color": "333333",
        "profile_use_background_image": true,
        "protected": false,
        "screen_name": "DeenaThiel",
        "statuses_count": 1219,
        "time_zone": null,
        "translator_type": "none",
        "url": "https://t.co/DiJfqRUx4X",
        "utc_offset": null,
        "verified": false
    }
}
