{
    "contributors": null,
    "coordinates": null,
    "created_at": "Wed Nov 22 17:23:10 +0000 2017",
    "entities": {
        "hashtags": [],
        "symbols": [],
        "urls": [
            {
                "display_url": "twitter.com/i/web/status/9\u2026",
                "expanded_url": "https://twitter.com/i/web/status/933385380417634304",
                "indices": [
                    117,
                    140
                ],
                "url": "https://t.co/ZYBal9lRoz"
            }
        ],
        "user_mentions": [
            {
                "id": 2610470250,
                "id_str": "2610470250",
                "indices": [
                    29,
                    38
                ],
                "name": "Glossier",
                "screen_name": "glossier"
            }
        ]
    },
    "favorite_count": 4,
    "favorited": false,
    "geo": null,
    "id": 933385380417634304,
    "id_str": "933385380417634304",
    "in_reply_to_screen_name": null,
    "in_reply_to_status_id": null,
    "in_reply_to_status_id_str": null,
    "in_reply_to_user_id": null,
    "in_reply_to_user_id_str": null,
    "is_quote_status": false,
    "lang": "en",
    "metadata": {
        "iso_language_code": "en",
        "result_type": "recent"
    },
    "place": {
        "attributes": {},
        "bounding_box": {
            "coordinates": [
                [
                    [
                        -81.507905,
                        28.3882177
                    ],
                    [
                        -81.2276403,
                        28.3882177
                    ],
                    [
                        -81.2276403,
                        28.615139
                    ],
                    [
                        -81.507905,
                        28.615139
                    ]
                ]
            ],
            "type": "Polygon"
        },
        "contained_within": [],
        "country": "United States",
        "country_code": "US",
        "full_name": "Orlando, FL",
        "id": "55b4f9e5c516e0b6",
        "name": "Orlando",
        "place_type": "city",
        "url": "https://api.twitter.com/1.1/geo/id/55b4f9e5c516e0b6.json"
    },
    "possibly_sensitive": false,
    "retweet_count": 0,
    "retweeted": false,
    "source": "<a href=\"http://twitter.com/download/iphone\" rel=\"nofollow\">Twitter for iPhone</a>",
    "text": "After trying everything from @glossier I\u2019ve come to the realization that the priming moisturizer rich is my favorit\u2026 https://t.co/ZYBal9lRoz",
    "truncated": true,
    "user": {
        "contributors_enabled": false,
        "created_at": "Thu Oct 16 07:36:13 +0000 2014",
        "default_profile": true,
        "default_profile_image": false,
        "description": "Lifestyle blogger dedicated to all things Fashion, Travel & Beauty. \u2193 Featured Links",
        "entities": {
            "description": {
                "urls": []
            },
            "url": {
                "urls": [
                    {
                        "display_url": "damselinnoir.com",
                        "expanded_url": "http://damselinnoir.com",
                        "indices": [
                            0,
                            23
                        ],
                        "url": "https://t.co/iZ5oVLsVRC"
                    }
                ]
            }
        },
        "favourites_count": 1264,
        "follow_request_sent": null,
        "followers_count": 79,
        "following": null,
        "friends_count": 119,
        "geo_enabled": true,
        "has_extended_profile": false,
        "id": 2833579809,
        "id_str": "2833579809",
        "is_translation_enabled": false,
        "is_translator": false,
        "lang": "en",
        "listed_count": 35,
        "location": "Orlando, FL",
        "name": "Claudia H.",
        "notifications": null,
        "profile_background_color": "C0DEED",
        "profile_background_image_url": "http://abs.twimg.com/images/themes/theme1/bg.png",
        "profile_background_image_url_https": "https://abs.twimg.com/images/themes/theme1/bg.png",
        "profile_background_tile": false,
        "profile_banner_url": "https://pbs.twimg.com/profile_banners/2833579809/1510541479",
        "profile_image_url": "http://pbs.twimg.com/profile_images/933385972066279430/RnYrNjlA_normal.jpg",
        "profile_image_url_https": "https://pbs.twimg.com/profile_images/933385972066279430/RnYrNjlA_normal.jpg",
        "profile_link_color": "1DA1F2",
        "profile_sidebar_border_color": "C0DEED",
        "profile_sidebar_fill_color": "DDEEF6",
        "profile_text_color": "333333",
        "profile_use_background_image": true,
        "protected": false,
        "screen_name": "damselinnoir",
        "statuses_count": 1572,
        "time_zone": "Pacific Time (US & Canada)",
        "translator_type": "none",
        "url": "https://t.co/iZ5oVLsVRC",
        "utc_offset": -28800,
        "verified": false
    }
}
{
    "contributors": null,
    "coordinates": null,
    "created_at": "Wed Nov 15 12:02:18 +0000 2017",
    "entities": {
        "hashtags": [
            {
                "indices": [
                    47,
                    56
                ],
                "text": "glossier"
            },
            {
                "indices": [
                    57,
                    70
                ],
                "text": "glossiergirl"
            },
            {
                "indices": [
                    71,
                    90
                ],
                "text": "primingmoisturizer"
            }
        ],
        "symbols": [],
        "urls": [
            {
                "display_url": "instagram.com/p/Bbg-GPgl0AD/",
                "expanded_url": "https://www.instagram.com/p/Bbg-GPgl0AD/",
                "indices": [
                    92,
                    115
                ],
                "url": "https://t.co/pJ6HaH1a8X"
            }
        ],
        "user_mentions": []
    },
    "favorite_count": 1,
    "favorited": false,
    "geo": null,
    "id": 930767914185166849,
    "id_str": "930767914185166849",
    "in_reply_to_screen_name": null,
    "in_reply_to_status_id": null,
    "in_reply_to_status_id_str": null,
    "in_reply_to_user_id": null,
    "in_reply_to_user_id_str": null,
    "is_quote_status": false,
    "lang": "en",
    "metadata": {
        "iso_language_code": "en",
        "result_type": "recent"
    },
    "place": null,
    "possibly_sensitive": false,
    "retweet_count": 0,
    "retweeted": false,
    "source": "<a href=\"http://instagram.com\" rel=\"nofollow\">Instagram</a>",
    "text": "Out with the old, in with the new \ud83d\udc7d\u270c\ufe0f\ud83c\udf38glossier #glossier #glossiergirl #primingmoisturizer\u2026 https://t.co/pJ6HaH1a8X",
    "truncated": false,
    "user": {
        "contributors_enabled": false,
        "created_at": "Wed Dec 25 19:32:24 +0000 2013",
        "default_profile": true,
        "default_profile_image": false,
        "description": "",
        "entities": {
            "description": {
                "urls": []
            }
        },
        "favourites_count": 116,
        "follow_request_sent": null,
        "followers_count": 55,
        "following": null,
        "friends_count": 169,
        "geo_enabled": false,
        "has_extended_profile": false,
        "id": 2261829781,
        "id_str": "2261829781",
        "is_translation_enabled": false,
        "is_translator": false,
        "lang": "en",
        "listed_count": 5,
        "location": "",
        "name": "Courtney R. Lawson",
        "notifications": null,
        "profile_background_color": "C0DEED",
        "profile_background_image_url": "http://abs.twimg.com/images/themes/theme1/bg.png",
        "profile_background_image_url_https": "https://abs.twimg.com/images/themes/theme1/bg.png",
        "profile_background_tile": false,
        "profile_image_url": "http://pbs.twimg.com/profile_images/622047983576592384/w4DnHX-K_normal.jpg",
        "profile_image_url_https": "https://pbs.twimg.com/profile_images/622047983576592384/w4DnHX-K_normal.jpg",
        "profile_link_color": "1DA1F2",
        "profile_sidebar_border_color": "C0DEED",
        "profile_sidebar_fill_color": "DDEEF6",
        "profile_text_color": "333333",
        "profile_use_background_image": true,
        "protected": false,
        "screen_name": "Courtneyerob",
        "statuses_count": 968,
        "time_zone": null,
        "translator_type": "none",
        "url": null,
        "utc_offset": null,
        "verified": false
    }
}
