username,date,retweets,favorites,text,geo,mentions,hashtags,id,permalink
,2017-03-03 19:09,0,0,"@glossier #nofilterjustglossier hi I'm obsessed pic.twitter.com/9OpEOCY6mx",,@glossier,#nofilterjustglossier,"837862522707312641",https://twitter.com/julietminch/status/837862522707312641
,2017-02-17 10:25,0,0,"Hello here I am #nofilterjustglossier #boybrow @Brooklyn Bridge https://www. instagram.com/p/BQn2f88DBGg/",,@Brooklyn,#nofilterjustglossier #boybrow,"832657165072601088",https://twitter.com/xgiannna/status/832657165072601088
,2017-02-08 16:00,1,12,"didn't have time to put on anything but my @glossier phase 1 this morning & everyone is complimenting my skin #nofilterjustglossier is real!",,@glossier,#nofilterjustglossier,"829480037359505411",https://twitter.com/lilcarnitas/status/829480037359505411
,2017-02-06 15:32,0,0,"Loving @glossier 's latest product! #skincarefirstmakeupsecond #nofilterjustglossier pic.twitter.com/1P1A5S4633",,@glossier,#skincarefirstmakeupsecond #nofilterjustglossier,"828748349075517442",https://twitter.com/SunitaPatnaik9/status/828748349075517442
,2017-02-01 19:20,2,25,"#nofilterjustglossier @glossier pic.twitter.com/6KLxyBGrQG",,@glossier,#nofilterjustglossier,"826993701947895808",https://twitter.com/RohiniMik/status/826993701947895808
,2017-01-24 13:38,0,3,"am i the problem or the solution? #nofilterjustglossier pic.twitter.com/fV9ESO3LIc",,,#nofilterjustglossier,"824008468197613571",https://twitter.com/kleemorgan/status/824008468197613571
,2017-01-20 13:17,0,0,"#nofilterjustglossier Get 20% off! http:// ift.tt/2a5OO1Y #haloscope #boybrow #stretchco … http:// ift.tt/2iU62zK pic.twitter.com/r9YH99IiIS",,,#nofilterjustglossier #haloscope #boybrow #stretchco,"822553643459248130",https://twitter.com/KinsleeDuBois/status/822553643459248130
,2017-01-20 13:05,0,1,"#nofilterjustglossier #haloscope #boybrow #stretchconcealer Get 20% off here: … http:// ift.tt/2j3F2Rq pic.twitter.com/ps7gHSD8Yu",,,#nofilterjustglossier #haloscope #boybrow #stretchconcealer,"822550591222194178",https://twitter.com/KinsleeDuBois/status/822550591222194178
,2017-01-17 11:47,0,0,"sophiekatherinejones . #nofilterjustglossier #primingmoisturizerrich#andtheotherstuffitagged @… https://www. instagram.com/p/BPYLR2XjKIz/",,@,#nofilterjustglossier #primingmoisturizerrich #andtheotherstuffitagged,"821443861696380928",https://twitter.com/SuzyGerstein/status/821443861696380928
,2017-01-15 12:36,0,1,"About last night (and because I mistakenly thought my phone ate it): #nofilterjustglossier . @… https://www. instagram.com/p/BPTHVfhjV4N/",,@,#nofilterjustglossier,"820731494746484736",https://twitter.com/donora_ann/status/820731494746484736
,2016-12-15 14:31,0,56,"#nofilterjustglossier @glossier skin first; makeup second. "the supers" 10/10 highly recommend. pic.twitter.com/OTnzZfSGL3",,@glossier,#nofilterjustglossier,"809526347987042304",https://twitter.com/Megantaylor_xox/status/809526347987042304
,2016-12-06 19:22,0,0,"Whoever said orange was the new pink was seriously disturbed. #nofilterjustglossier #skinisin … https://www. instagram.com/p/BNs1-WBjDKQ/",,,#nofilterjustglossier #skinisin,"806338090331766784",https://twitter.com/gabriellaloren/status/806338090331766784
,2016-11-14 07:35,0,0,"Black Tie Set (with a video) on blog today #nofilterjustglossier https://www. instagram.com/p/BMy7lK4BxaZ/",,,#nofilterjustglossier,"798187650653917184",https://twitter.com/Denajulias/status/798187650653917184
,2016-09-16 17:00,0,2,"What a coincidence. @glossier @IntoTheGloss #nofilterjustglossier #glossier pic.twitter.com/DPExUUrecd",,@glossier @IntoTheGloss,#nofilterjustglossier #glossier,"776933867890421760",https://twitter.com/AubreyBrooks/status/776933867890421760
,2016-09-09 22:46,0,0,"#nofilterjustglossier #worstmodel pic.twitter.com/z2sj6Vz6Ii",,,#nofilterjustglossier #worstmodel,"774484053839851520",https://twitter.com/hellorozette/status/774484053839851520
,2016-08-07 13:27,0,4,"the first step is admitting you have a problem; right? @glossier #nofilterjustglossier pic.twitter.com/QRCBabThrQ",,@glossier,#nofilterjustglossier,"762384695434752000",https://twitter.com/rosssaaa3/status/762384695434752000
,2016-08-03 11:19,6,27,"Makeup goal: only needing to use @glossier products #nofilterjustglossier",,@glossier,#nofilterjustglossier,"760902949832753152",https://twitter.com/hhogard/status/760902949832753152
,2016-08-02 10:31,0,0,"@glossier Skin Tint is back and I feel like shouting it from my patio so the whole world knows my excitement! #nofilterjustglossier",,@glossier,#nofilterjustglossier,"760528515418755072",https://twitter.com/agrandel/status/760528515418755072
,2016-07-31 10:22,0,1,"On set like #nofilterjustglossier @glossier pic.twitter.com/aggJKdLjoM",,@glossier,#nofilterjustglossier,"759801506790977538",https://twitter.com/lizesays/status/759801506790977538
,2016-07-29 21:53,0,0,"Day 2 of wearing Perfecting Skin Tint already got me worrying I might run out of the product soon. #nofilterjustglossier",,,#nofilterjustglossier,"759250597958807552",https://twitter.com/olonli/status/759250597958807552
,2016-07-21 00:29,0,1,"#nofilterjustglossier #glazeddonut #theouai pic.twitter.com/4fYCYBVTpG",,,#nofilterjustglossier #glazeddonut #theouai,"756028189068128256",https://twitter.com/darisholy/status/756028189068128256
,2016-07-12 06:13,0,1,"Phoe e Tonkin on Instagram: “Baby skin thanks @glossier #nofilterjustglossier #haloscope shimmer ” https://www. instagram.com/p/BGU3R5qm2rb/",,@glossier,#nofilterjustglossier #haloscope,"752853362303901696",https://twitter.com/azure5087/status/752853362303901696
,2016-07-11 05:33,0,0,"glossier makes everything glossier #nofilterjustglossier https://www. instagram.com/p/BHuKmZ6gAJN/",,,#nofilterjustglossier,"752480989977407488",https://twitter.com/DMCopperman/status/752480989977407488
,2016-07-09 09:39,0,2,"Obsessed with haloscope from @glossier #nofilterjustglossier pic.twitter.com/fPvjfWWxHK",,@glossier,#nofilterjustglossier,"751817990723756032",https://twitter.com/southern_yorker/status/751817990723756032
,2016-06-26 14:15,0,0,"@glossier you guys are killing it #nofilterjustglossier pic.twitter.com/tcAdA8besc",,@glossier,#nofilterjustglossier,"747176413170565120",https://twitter.com/susiekemp/status/747176413170565120
,2016-06-24 12:22,0,2,"Thanks so much @glossier & @SakaraLife for my #haloscope highlighters! Can't wait to try it #nofilterjustglossier pic.twitter.com/Mg4HjwPV0N",,@glossier @SakaraLife,#haloscope #nofilterjustglossier,"746423219293294592",https://twitter.com/_realnatalie/status/746423219293294592
,2016-06-24 11:34,1,2,"@glossier #nofilterjustglossier pic.twitter.com/RQ0dz0xp0J",,@glossier,#nofilterjustglossier,"746411202096541696",https://twitter.com/iambiancaharris/status/746411202096541696
,2016-06-23 16:44,0,5,"I may not be feeling great but my skin sure is @glossier @MarioBadescu #nofilterjustglossier pic.twitter.com/RZYpCVtYOC",,@glossier @MarioBadescu,#nofilterjustglossier,"746126872941993987",https://twitter.com/shannonnkenney/status/746126872941993987
,2016-06-20 18:47,0,0,"even better without makeup #NoFilterJustGlossier",,,#NoFilterJustGlossier,"745070506710282240",https://twitter.com/GraniteStateTix/status/745070506710282240
,2016-06-18 16:48,0,1,"i call this look "low-key 90's roller-derby queen" #nofilterjustglossier https://www. instagram.com/p/BG0JjV1QYzn/",,,#nofilterjustglossier,"744315914686861312",https://twitter.com/divyadoes/status/744315914686861312
,2016-06-17 07:44,0,4,"My hair today tho. #ouaiaddicted #nofilterjustglossier http:// ift.tt/21qzY6Z pic.twitter.com/7QZ4a8asnb",,,#ouaiaddicted #nofilterjustglossier,"743816558976339968",https://twitter.com/sarahesterman/status/743816558976339968
,2016-06-17 05:53,0,0,"Pro Tip: glossier bags make amazing travel pillows #nofilterjustglossier @Chicago O'Hare… https://www. instagram.com/p/BGwZw23DrA8/",,@Chicago,#nofilterjustglossier,"743788616686538752",https://twitter.com/Denajulias/status/743788616686538752
,2016-06-16 12:18,0,2,"Today's face: naked with a touch of Haloscope in Topaz #nofilterjustglossier @glossier @IntoTheGloss pic.twitter.com/jf9NsQEnjp",,@glossier @IntoTheGloss,#nofilterjustglossier,"743523089695244289",https://twitter.com/RaedDanielle/status/743523089695244289
,2016-06-15 20:13,0,0,"#maskforce #nofilterjustglossier glossier https://www. instagram.com/p/BGsylD4CXbz/",,,#maskforce #nofilterjustglossier,"743280229679042560",https://twitter.com/emily_ruhl/status/743280229679042560
,2016-06-15 12:41,0,3,"#book our #vision cabaña #room ! What a #view ! #roomwithaview #XperienceHotels #nofilterjustglossier pic.twitter.com/c4oJIyd2MA",,,#book #vision #room #view #roomwithaview #XperienceHotels #nofilterjustglossier,"743166583929868290",https://twitter.com/infhos/status/743166583929868290
,2016-06-14 16:41,0,0,"Been happy. glossier #haloscope in topaz. #nofilterjustglossier https://www. instagram.com/p/BGp1DVwqAcN/",,,#haloscope #nofilterjustglossier,"742864453322956801",https://twitter.com/alyssaneilson/status/742864453322956801
,2016-06-14 13:40,0,0,"our kind of mailbox haloscope #nofilterjustglossier @Obvious Agency https://www. instagram.com/p/BGpg5lYDXtC/",,@Obvious,#nofilterjustglossier,"742819141254565888",https://twitter.com/obviousagncy/status/742819141254565888
,2016-06-14 07:32,0,0,"Lookit this little beauty! http:// prideinlondon.org/plan-your-prid e/pride-guide … #PrideinLondon #nofilter #NoFilterJustGlossier",,,#PrideinLondon #nofilter #NoFilterJustGlossier,"742726428534378496",https://twitter.com/AliCamps/status/742726428534378496
,2016-06-13 16:29,48,298,"Haloscope in Quartz. #NoFilterJustGlossier . http:// bff.glossier.com/dYe1O pic.twitter.com/qcPh4qkVbl",,,#NoFilterJustGlossier,"742499156745322497",https://twitter.com/90swomen/status/742499156745322497
,2016-06-13 07:02,0,0,"sixties baby #outfitdetails #rumorsboutique #wetnwildbeauty #nofilterjustglossier @… https://www. instagram.com/p/BGmK46wNvK7/",,@,#outfitdetails #rumorsboutique #wetnwildbeauty #nofilterjustglossier,"742356573171908608",https://twitter.com/ToriRadday/status/742356573171908608
,2016-06-09 19:21,0,1,"Can't wait to get my @glossier haloscopes! Stalking the #haloscope & #nofilterjustglossier tags on Instagram in the meantime",,@glossier,#haloscope #nofilterjustglossier,"741092797793460225",https://twitter.com/seulghi/status/741092797793460225
,2016-06-07 16:05,0,1,"the best kind of delivery tho. #glossier #haloscope #nofilterjustglossier pic.twitter.com/9ub9PdAMki",,,#glossier #haloscope #nofilterjustglossier,"740318833240625152",https://twitter.com/kaitlynwylde/status/740318833240625152
,2016-06-06 19:06,0,0,"#nofilterjustglossier https://www. instagram.com/p/BGVf0TUkH3q/",,,#nofilterjustglossier,"740002010024529925",https://twitter.com/danielleprescod/status/740002010024529925
,2016-06-06 14:07,0,0,"Baby skin thanks @glossier #nofilterjustglossier 󾬏 #haloscope shimmer http:// fb.me/4ErFopMvL",,@glossier,#nofilterjustglossier #haloscope,"739926685538193409",https://twitter.com/TVDMyObsession/status/739926685538193409
,2016-06-06 13:20,15,8,"© @1phoebejtonkin IG Baby skin thanks @glossier #nofilterjustglossier pic.twitter.com/g27CmLkkpc",,@1phoebejtonkin @glossier,#nofilterjustglossier,"739914838332297216",https://twitter.com/WeskinUA/status/739914838332297216
,2016-05-23 12:12,0,2,"#NoFilterJustGlossier pic.twitter.com/EoUNeAVsF6",,,#NoFilterJustGlossier,"734824287027105792",https://twitter.com/GetWazzy/status/734824287027105792
,2016-05-13 17:17,0,0,"When you have a migraine but you still look cute! #nofilterjustglossier https://www. instagram.com/p/BFXgSFnsjxo/",,,#nofilterjustglossier,"731277308196163585",https://twitter.com/_miss_oktober_/status/731277308196163585
,2016-04-25 07:27,0,0,"Glossier has some cute new items and you can use this link for 20% off your first order http:// bff.glossier.com/dO8Dc #nofilterjustglossier",,,#nofilterjustglossier,"724605857082695680",https://twitter.com/SarahBanks/status/724605857082695680
,2016-04-22 11:04,0,1,"Tried 3 products from @glossier check out my review on the blog now! #nofilterjustglossier http:// twilightdelight.tumblr.com/post/143221365 455/feature-friday-glossier-makeup … pic.twitter.com/H9XWqsLtfP",,@glossier,#nofilterjustglossier,"723573280607748097",https://twitter.com/LooksByLi/status/723573280607748097
,2016-04-22 09:53,0,0,"#FeatureFriday post is Live on my blog! #glossierpink #nofilterjustglossier http:// twilightdelight.tumblr.com/post/143221365 455/feature-friday-glossier-makeup … pic.twitter.com/HHogAMlw9P",,,#FeatureFriday #glossierpink #nofilterjustglossier,"723555271306522625",https://twitter.com/LooksByLi/status/723555271306522625
,2016-03-30 09:06,0,0,"Drinks pressed green juice once #boybrow #nofilterjustglossier https://www. instagram.com/p/BDlVH1yopY5/",,,#boybrow #nofilterjustglossier,"715208694259183617",https://twitter.com/MiaCarucci/status/715208694259183617
,2016-03-29 10:50,0,2,"Airport ready #jetsetter #nofilterjustglossier #glossier #phase2 #beauty #bblogger #bbloggers … https://www. instagram.com/p/BDi8MbgSc_s/",,,#jetsetter #nofilterjustglossier #glossier #phase2 #beauty #bblogger #bbloggers,"714872400811266048",https://twitter.com/ShyuSized/status/714872400811266048
,2016-03-27 12:59,0,0,"Made a glossier egg Happy Easter! #glossier #nofilterjustglossier #easter #happyeaster https://www. instagram.com/p/BDeBWnfJRM8/",,,#glossier #nofilterjustglossier #easter #happyeaster,"714180059989471232",https://twitter.com/hellomissjanel/status/714180059989471232
,2016-03-26 09:47,0,1,"Decided to keep it natural yesterday with @glossier #nofilterjustglossier https:// instagram.com/p/BDazjuRM2r4/",,@glossier,#nofilterjustglossier,"713769470947241984",https://twitter.com/SarahBanks/status/713769470947241984
,2016-01-27 21:47,0,0,"@glossier #nofilterjustglossier - post-moisturizing moon mask; to be exact. #glossier pic.twitter.com/DmWNhB5MuR",,@glossier,#nofilterjustglossier #glossier,"692584790747262977",https://twitter.com/sarahlovsmakeup/status/692584790747262977
,2015-12-31 22:39,0,0,"#nofilterjustglossier",,,#nofilterjustglossier,"682813356642705408",https://twitter.com/H0EDARTE/status/682813356642705408
,2015-12-16 11:41,0,2,"TY @glossier for making me a dewy moon baby! #nofilterjustglossier pic.twitter.com/1If5CmkkEg",,@glossier,#nofilterjustglossier,"677211874681720832",https://twitter.com/Kathleenillus/status/677211874681720832
,2015-12-08 23:48,0,0,"Mornings the #Glossier way. #NoFilterjustGlossier Skin. Beauty. Flawesome #HumpDay https://www. instagram.com/p/_EDEIRL6en/",,,#Glossier #NoFilterjustGlossier #HumpDay,"674495855248977920",https://twitter.com/MyCasitaLiving/status/674495855248977920
,2015-12-07 15:34,0,9,". @PhoebeLovatt 's got that #nofilterjustglossier glow pic.twitter.com/wNDeNQiAHB",,@PhoebeLovatt,#nofilterjustglossier,"674009056969912320",https://twitter.com/glossier/status/674009056969912320
,2015-11-17 18:22,0,0,"#nofilterjustglossier 󾮝 @ali_collier Source Credits : CLICK HERE [[ This is a content summary only. Visit my... http:// fb.me/7APknz5At",,@ali_collier,#nofilterjustglossier,"666803634894581760",https://twitter.com/trailersMEDIA/status/666803634894581760
,2015-10-25 15:56,0,0,"Sunday #moonmask #glossier #nofilterjustglossier #sunday https:// instagram.com/p/9RzNu2JREU/",,,#moonmask #glossier #nofilterjustglossier #sunday,"658416921700933634",https://twitter.com/hellomissjanel/status/658416921700933634
,2015-09-29 13:10,0,0,"#nofilterjustglossier | I'm continually amazed at how wonderful these products are. Thank you… https:// instagram.com/p/8OjfYCnEtY/",,,#nofilterjustglossier,"648952943098499072",https://twitter.com/tiffanyfajen/status/648952943098499072
,2015-09-15 03:42,0,1,"Face with @glossier Phase 1 Set #nofilterjustglossier #glossier pic.twitter.com/kPOpvqk7mS",,@glossier,#nofilterjustglossier #glossier,"643736615811219456",https://twitter.com/Sunters_/status/643736615811219456
,2015-08-05 03:38,1,2,"@mermaidwishing gorgeous!!! #nofilterjustglossier",,@mermaidwishing,#nofilterjustglossier,"628877782702030848",https://twitter.com/glossier/status/628877782702030848
,2015-07-31 13:54,0,3,"#nofilterjustglossier @glossier pic.twitter.com/JObtY0S0cb",,@glossier,#nofilterjustglossier,"627220900224569344",https://twitter.com/livinlikeLARZ/status/627220900224569344
,2015-07-30 14:45,1,2,"Just want to confirm that @Glossier skin tint looks just as good on film as it does IRL. #nofilterjustglossier #bringontheHD",,@Glossier,#nofilterjustglossier #bringontheHD,"626871225399287808",https://twitter.com/oliviadello/status/626871225399287808
,2015-07-18 18:42,0,1,"On the real... this stuff is the bomb! glossier #nofilterjustglossier https:// instagram.com/p/5TLF7ms6Bj/",,,#nofilterjustglossier,"622582327802208256",https://twitter.com/SchopperJo/status/622582327802208256
,2015-07-15 14:03,0,0,"#nofilterjustglossier and a bit of under eye concealer https:// instagram.com/p/5K9L4PAL8f/",,,#nofilterjustglossier,"621424888260227072",https://twitter.com/rebeccablckerby/status/621424888260227072
,2015-07-07 07:53,0,0,"@itsmadcrawford nice #nofilterjustglossier selfie.",,@itsmadcrawford,#nofilterjustglossier,"618432638978793473",https://twitter.com/glossier/status/618432638978793473
,2015-06-30 19:33,2,4,"@christywinkel #nofilterjustglossier :D",,@christywinkel,#nofilterjustglossier,"616072034162835456",https://twitter.com/glossier/status/616072034162835456
,2015-06-16 19:20,0,1,"New post all about glossier!! @intothegloss #kissthisbliss #glossier #nofilterjustglossier #girlboss https:// instagram.com/p/4A2XDpPiMQ/",,@intothegloss,#kissthisbliss #glossier #nofilterjustglossier #girlboss,"610995305094488064",https://twitter.com/gwen_wildflower/status/610995305094488064
,2015-06-16 12:27,0,0,"New post on the blog all about @glossier !! #kissthisbliss #nofilterjustglossier #glossier pic.twitter.com/ipY84lR1bF",,@glossier,#kissthisbliss #nofilterjustglossier #glossier,"610891345931075585",https://twitter.com/gwen_wildflower/status/610891345931075585
,2015-06-10 11:28,4,22,"Thanks #nofilterjustglossier . So fun!! @pistolandstamen and adore this @adriannapapell dress!! https:// instagram.com/p/3wjm7sKdNy/",,@pistolandstamen @adriannapapell,#nofilterjustglossier,"608702269098487808",https://twitter.com/AllisonMcAtee/status/608702269098487808
,2015-06-09 16:15,0,0,"I see you. #nofilterjustglossier https:// instagram.com/p/3ufsVBq-wT/",,,#nofilterjustglossier,"608412182716534784",https://twitter.com/oneturnkiss/status/608412182716534784
,2015-06-07 14:56,0,0,"Sadly they were only selling full kits which clearly I'm stocked up #nofilterjustglossier pic.twitter.com/oB9xMXwqjT",,,#nofilterjustglossier,"607667356089774080",https://twitter.com/JenBrett/status/607667356089774080
,2015-06-06 10:49,0,0,"#nofilterjustglossier - a glossier life part 3 http://www. impossiblejen.com/2015/06/a-glos sier-life-part-3.html?spref=tw …",,,#nofilterjustglossier,"607242915438592000",https://twitter.com/JenBrett/status/607242915438592000
,2015-06-05 08:49,0,0,"#nofilterjustglossier - a glossier life part 3 http://www. impossiblejen.com/2015/06/a-glos sier-life-part-3.html?spref=tw …",,,#nofilterjustglossier,"606850275144376321",https://twitter.com/JenBrett/status/606850275144376321
,2015-06-04 16:00,0,0,"#nofilterjustglossier - a glossier life part 3 http://www. impossiblejen.com/2015/06/a-glos sier-life-part-3.html?spref=tw …",,,#nofilterjustglossier,"606596373681602560",https://twitter.com/JenBrett/status/606596373681602560
,2015-06-04 08:49,0,0,"#nofilterjustglossier - a glossier life part 3 http://www. impossiblejen.com/2015/06/a-glos sier-life-part-3.html?spref=tw …",,,#nofilterjustglossier,"606487915212849152",https://twitter.com/JenBrett/status/606487915212849152
,2015-06-02 13:56,0,1,"Wondering if you exfoliate too much or not enough? @IntoTheGloss breaks it down! #nofilterjustglossier #lightstim http:// bit.ly/INTGLS",,@IntoTheGloss,#nofilterjustglossier #lightstim,"605840462943940609",https://twitter.com/LightStim/status/605840462943940609
,2015-05-29 09:03,2,0,"#NoFilterJustGlossier A girl's go-to product after the One Night Standard! @Glossier #OneNightStandard http:// on.fb.me/1AyETKZ",,@Glossier,#NoFilterJustGlossier #OneNightStandard,"604317111943483393",https://twitter.com/standardny/status/604317111943483393
,2015-05-28 15:25,0,0,"#nofilterjustglossier @intothegloss a glossier life part 2 http://www. impossiblejen.com/2015/05/a-glos sier-life-part-2.html?spref=tw …",,@intothegloss,#nofilterjustglossier,"604050925989158912",https://twitter.com/JenBrett/status/604050925989158912
,2015-05-28 09:07,0,0,"#nofilterjustglossier a glossier life part 2 http://www. impossiblejen.com/2015/05/a-glos sier-life-part-2.html?spref=tw …",,,#nofilterjustglossier,"603955881177255938",https://twitter.com/JenBrett/status/603955881177255938
,2015-05-26 21:00,1,8,"The makings of the #nofilterjustglossier campaign with @tomtakesphotoss behind the lens—> http:// into.gl/tom_glossier pic.twitter.com/4YQHJH1Cu9",,@tomtakesphotoss,#nofilterjustglossier,"603410316827885568",https://twitter.com/IntoTheGloss/status/603410316827885568
,2015-05-26 15:45,0,5,"Let your pores breathe this beautiful springtime air. #nofilterjustglossier http:// gls.sr/__glossier pic.twitter.com/S5tVyHYXJd",,,#nofilterjustglossier,"603331061435604992",https://twitter.com/glossier/status/603331061435604992
,2015-05-26 11:00,3,8,". @tomtakesphotoss ' first campaign! Check out #nofilterjustglossier ; shot at @standardny : http:// into.gl/tom_glossier pic.twitter.com/tnjhw7EGEd",,@tomtakesphotoss @standardny,#nofilterjustglossier,"603259388397096962",https://twitter.com/IntoTheGloss/status/603259388397096962
,2015-05-25 12:29,0,2,"Can't handle how much I love @glossier #nofilterjustglossier pic.twitter.com/YVMcKJ8RCM",,@glossier,#nofilterjustglossier,"602919532710252544",https://twitter.com/teenadavinci1/status/602919532710252544
,2015-05-24 12:30,0,0,"#nofilterjustglossier http:// gls.sr/__glossier pic.twitter.com/aBHMPEnVZ1",,,#nofilterjustglossier,"602557192764424192",https://twitter.com/glossier/status/602557192764424192
,2015-05-19 12:44,0,2,"Priming Moisturizer + Perfecting Skin Tint = fresh; glowy skin. #nofilterjustglossier http:// gls.sr/__glossier pic.twitter.com/IUzf37307r",,,#nofilterjustglossier,"600748851373297666",https://twitter.com/glossier/status/600748851373297666
,2015-05-07 15:24,0,1,"@_BubbleWorld_ Can't wait to see your #nofilterjustglossier selfie.",,@_BubbleWorld_,#nofilterjustglossier,"596440588469280768",https://twitter.com/glossier/status/596440588469280768
,2015-04-26 09:51,0,1,"@alittlebitetc Gorgeous! #nofilterjustglossier",,@alittlebitetc,#nofilterjustglossier,"592370371279585280",https://twitter.com/glossier/status/592370371279585280
,2015-04-17 14:17,0,0,"@twittwatJEAH Gorgeous #nofilterjustglossier",,@twittwatJEAH,#nofilterjustglossier,"589175821916602368",https://twitter.com/glossier/status/589175821916602368
,2015-04-14 09:51,0,0,"@elanawearsblack Yes girl!! #nofilterjustglossier",,@elanawearsblack,#nofilterjustglossier,"588021804301713409",https://twitter.com/glossier/status/588021804301713409