username,date,retweets,favorites,text,geo,mentions,hashtags,id,permalink
,2017-11-25 14:17,0,0,"If anyone wants to use my link you’ll get 10% discount off your entire order too http:// bff.glossier.com/g9PeG @glossier #glossier #cloudpaint #balmdotcom",,@glossier,#glossier #cloudpaint #balmdotcom,"934546578089574401",https://twitter.com/ashleadunstan/status/934546578089574401
,2017-11-25 11:13,0,0,"20% off everything at Glossier! This is my favorite lip balm #stockingup #glossier #balmdotcom #bodyhero #sscollective #myshopstyle #todaysdetails #ShopStyle http://www. shopstyle.com/collective/jsa t18/42980489 … pic.twitter.com/dACvYOk4c1",,,#stockingup #glossier #balmdotcom #bodyhero #sscollective #myshopstyle #todaysdetails #ShopStyle,"934500264224198657",https://twitter.com/EEStyle_/status/934500264224198657
,2017-11-21 18:53,0,0,"Glossier lets you build your own 3-pack of balm dot com. I may have bundled 3 x Rose balms... Can't argue with the best flavor! http:// bit.ly/Glossier-Promo -Code … . P.S. Great gift idea! #glossier #balmdotcom #glossierrep #beauty #skincare pic.twitter.com/93ouowmWlY",,,#glossier #balmdotcom #glossierrep #beauty #skincare,"933166434561138688",https://twitter.com/GlossierPromo/status/933166434561138688
,2017-11-21 02:35,0,1,"So; after my less than favourable review of @glossier ’s #balmdotcom (and the fact that they gave me £5 for said order arriving late) I decided to try out one of their beloved Cloud Paints in #puff . I will admit that it’s pretty and the formulation is pre… http:// ift.tt/2zajGHJ pic.twitter.com/DXnVldJZFe",,@glossier,#balmdotcom #puff,"932920477298905088",https://twitter.com/isobelrose27/status/932920477298905088
,2017-11-13 09:34,0,0,"Want 10% off your next #Glossier order? You def need the #birthdaycake #balmdotcom ! http:// bff.glossier.com/gES50",,,#Glossier #birthdaycake #balmdotcom,"930126822053896192",https://twitter.com/khahy/status/930126822053896192
,2017-11-05 19:25,0,1,"Balm Trio . #glossier #glossierreps #balmdotcom #lipbalm #damselflavored #beautybloggers … https://www. instagram.com/p/BbI3zzjgcZ5/",,,#glossier #glossierreps #balmdotcom #lipbalm #damselflavored #beautybloggers,"927376376482664448",https://twitter.com/gtk77/status/927376376482664448
,2017-11-04 14:41,0,0,"Here's 10% off #Glossier ! http:// bff.glossier.com/gLrE7 Recommend the #milkyjellycleanser and the #balmdotcom",,,#Glossier #milkyjellycleanser #balmdotcom,"926927459592949761",https://twitter.com/RebeccaMurphy89/status/926927459592949761
,2017-10-27 00:52,0,1,"This wee guy is going to keep chapped lips at bay! #coconut #balmdotcom @glossier pic.twitter.com/e4q4XByK68",,@glossier,#coconut #balmdotcom,"923819712273965056",https://twitter.com/NaomiABuchanan/status/923819712273965056
,2017-10-26 22:47,0,4,"Thanks @calebrmclaughl1 for your fun interview at the #StrangerThings2 premiere! Your Halloween costume (pun) was awesome!! #BalmDotCom",,@calebrmclaughl1,#StrangerThings2 #BalmDotCom,"923788274346237952",https://twitter.com/AmandaSalas/status/923788274346237952
,2017-10-23 15:29,0,0,"glossier #myfavoritekindofdelivery #glossier #glossiergirl #bodyhero #balmdotcom https://www. instagram.com/p/Bam3kRbFM5q/",,,#myfavoritekindofdelivery #glossier #glossiergirl #bodyhero #balmdotcom,"922590766114988032",https://twitter.com/Courtneyerob/status/922590766114988032
,2017-10-23 04:58,0,1,"Cherry On Top - glossier #balmdotcom #cherry #lipbalm #makeup #instabeauty #instablogger #womf … https://www. instagram.com/p/BalvYoAHNTY/",,,#balmdotcom #cherry #lipbalm #makeup #instabeauty #instablogger #womf,"922432047699906561",https://twitter.com/RougepoutBeauty/status/922432047699906561
,2017-10-21 08:17,0,0,"And so the obsession begins glossier . . . #glossier #intothegloss #glossierpink #balmdotcom … https://www. instagram.com/p/Bag8iw9H52M/",,,#glossier #intothegloss #glossierpink #balmdotcom,"921757290318979073",https://twitter.com/Keeley_Smyth/status/921757290318979073
,2017-10-19 08:58,0,2,"#BalmDotcom for lips and #PrimingMoisturizer for face by @glossier . Affordable; ethical and so; so; so good!",,@glossier,#BalmDotcom #PrimingMoisturizer,"921042982589095936",https://twitter.com/ChantellAlyse/status/921042982589095936
,2017-10-18 17:12,1,0,"For whatever mood your in comes in 6 amazing flavors (unscented original/birthday cake/rose/mint/coconut/cherry) #balmdotcom #glossier … pic.twitter.com/TV9XbOWVfu",,,#balmdotcom #glossier,"920804688018128896",https://twitter.com/jacquie_exline/status/920804688018128896
,2017-10-18 07:11,0,4,"Thank goodness for @glossier and my bestie #balmdotcom keeping my soft in Iceland’s ferocious wind and blistering cold. pic.twitter.com/HvsMHHx9Tw",,@glossier,#balmdotcom,"920653529634738176",https://twitter.com/WBKesner/status/920653529634738176
,2017-10-18 06:58,0,0,"Want 10% off your next #Glossier order? You def need the #birthdaycake #balmdotcom ! http:// bff.glossier.com/gMn6Y",,,#Glossier #birthdaycake #balmdotcom,"920650387782238209",https://twitter.com/khahy/status/920650387782238209
,2017-10-18 02:34,0,0,"Ok; so I'm officially obsessed with @glossier #BalmDotCom in #Birthday - get 10% off with my link! http:// bff.glossier.com/gHsc5 #bblogger pic.twitter.com/svwinF3uIz",,@glossier,#BalmDotCom #Birthday #bblogger,"920583843723309057",https://twitter.com/laurendall/status/920583843723309057
,2017-10-14 12:43,0,0,"Happy glossier day to me! yey! So excited! #glossier #glossiermilkyjelly #balmdotcom … https://www. instagram.com/p/BaPZbcKDlya/",,,#glossier #glossiermilkyjelly #balmdotcom,"919287545116090368",https://twitter.com/azeene/status/919287545116090368
,2017-10-14 04:07,0,0,"The Ultimate No Makeup-Makeup | #Glossier Review https:// wp.me/p6UvuT-oq #balmdotcom",,,#Glossier #balmdotcom,"919157730140676096",https://twitter.com/Steff_Entralgo/status/919157730140676096
,2017-10-13 17:13,0,2,"Whooo hooo!! Was finally able to get some @glossier !! Can't wait for it to arrive! #Glossier #CloudPaint #BoyBrow #balmdotcom",,@glossier,#Glossier #CloudPaint #BoyBrow #balmdotcom,"918993061757181952",https://twitter.com/TaraArtistry/status/918993061757181952
,2017-10-11 07:13,0,0,"Want 10% off your next #Glossier order? You def need the #birthdaycake #balmdotcom ! http:// bff.glossier.com/gES50",,,#Glossier #birthdaycake #balmdotcom,"918117247746486273",https://twitter.com/khahy/status/918117247746486273
,2017-09-30 06:08,0,0,"Is anyone else obsessed with #Glossier products the way that I am?! #BodyHero #BalmDotCom … https://www. instagram.com/p/BZqpIOIg6eX/",,,#Glossier #BodyHero #BalmDotCom,"914114768327380995",https://twitter.com/missmagen23/status/914114768327380995
,2017-09-28 11:09,0,7,"Gotta collect them all! #balmdotcom @glossier pic.twitter.com/IMXSmu1Fgx",,@glossier,#balmdotcom,"913465659975233536",https://twitter.com/SassafrasRoots8/status/913465659975233536
,2017-09-22 16:32,0,0,"Glossier is my new Hero New post! http:// kristenmariebeauty.com @glossier #GLOSSIER #bodyhero #milkyjellycleanser #balmdotcom pic.twitter.com/PkqDDHPc3N",,@glossier,#GLOSSIER #bodyhero #milkyjellycleanser #balmdotcom,"911372573883039745",https://twitter.com/kristenmarienp/status/911372573883039745
,2017-09-15 19:49,1,0,"Peek-a-boo #glossier #balmdotcom #damselflavored #beautybloggers #bbloggers #luxurybeauty https://www. instagram.com/p/BZFfHlrA-u1/",,,#glossier #balmdotcom #damselflavored #beautybloggers #bbloggers #luxurybeauty,"908885483085852673",https://twitter.com/gtk77/status/908885483085852673
,2017-09-15 12:36,1,0,"Babe alert. #thebeautygraduate #bbloggers #indiemakeup #glossier #cloudpaint #balmdotcom https://www. instagram.com/p/BZEtlM1j9UT/",,,#thebeautygraduate #bbloggers #indiemakeup #glossier #cloudpaint #balmdotcom,"908776542578331649",https://twitter.com/mich_stephens/status/908776542578331649
,2017-09-14 13:09,0,0,"It's an addiction #balmdotcom à Glossier https://www. instagram.com/p/BZCMmsPhvbt/",,,#balmdotcom,"908422545543745536",https://twitter.com/DentelleFleurs/status/908422545543745536
,2017-09-10 19:01,0,2,"So in love with this glossier sweatshirt we got. Thank you!!! #glossier #beauty #balmdotcom https://www. instagram.com/p/BY4a9nDHNrh/",,,#glossier #beauty #balmdotcom,"907061627958292481",https://twitter.com/ScandalMakeup/status/907061627958292481
,2017-09-04 17:45,0,0,"Patiently waiting on my glossier order like lemme just draw it into existence #balmdotcom @… https://www. instagram.com/p/BYo8PP5hG2F/",,@,#balmdotcom,"904868130110922752",https://twitter.com/cortneytherron/status/904868130110922752
,2017-09-02 22:10,0,0,"Super Affordable Skincare ... - #20SkincareRoutine #BalmDotCom #BEAUTY #BestProductsForDrySkin #CombinationSkin - http://www. totalskincare.net/super-affordab le-skincare-routine-for-dry-skin-ft-the-ordinary-alicia-fuller/ … pic.twitter.com/03y1gEHk6A",,,#20SkincareRoutine #BalmDotCom #BEAUTY #BestProductsForDrySkin #CombinationSkin,"904209883792154624",https://twitter.com/mytotalskincare/status/904209883792154624
,2017-08-29 12:04,0,1,"5 MIN LOOK OF THE DAY glossier #balmdotcom on the eye and lip meat @BRONXCOLORS skinny mascara… https://www. instagram.com/p/BYY4cVOh6zu/",,@BRONXCOLORS,#balmdotcom,"902607979064705024",https://twitter.com/maloryjoe/status/902607979064705024
,2017-08-24 12:47,0,2,"Camping out at the mailbox; waiting for my @glossier order. #obsessed #balmdotcom #bombdotcom #wowder",,@glossier,#obsessed #balmdotcom #bombdotcom #wowder,"900806691121483776",https://twitter.com/styledomination/status/900806691121483776
,2017-08-23 14:02,0,1,"These cute stickers from @glossier make my day so much brighter #glossier #balmdotcom pic.twitter.com/WWSOOdhss1",,@glossier,#glossier #balmdotcom,"900463170279624705",https://twitter.com/Sbaby_c/status/900463170279624705
,2017-08-14 18:10,0,0,"glossier Balm Dotcom skin salves are on the blog! (link in bio) #glossier #balmdotcom … https://www. instagram.com/p/BXy5OKRg-eV/",,,#glossier #balmdotcom,"897264186190843904",https://twitter.com/CrystalCandy/status/897264186190843904
,2017-08-14 09:47,0,3,"Worth the hype?Reviewing some @glossier (now shipping to #Canada ) goodies today! #BalmDotcom #GenerationG #glossier http://www. thehappysloths.com/2017/08/glossi er-generation-g-lipstick-crush-rose-balm-dotcom-swatches-review.html … pic.twitter.com/J5nP3WmKIc",,@glossier,#Canada #BalmDotcom #GenerationG #glossier,"897137631502286848",https://twitter.com/TheHappySloths/status/897137631502286848
,2017-08-10 20:05,0,0,"So excited about our first #purchase from glossier!! #skincare #Wowder #balmdotcom … https://www. instagram.com/p/BXo0X3onAr-/",,,#purchase #skincare #Wowder #balmdotcom,"895843623522246656",https://twitter.com/LuBelleLStyle/status/895843623522246656
,2017-08-08 12:01,0,1,"I'm so excited to share my very first @glossier haul on my blog! Check it out! -- http://www. ohhjuliana.com/2017/08/glossi er-haul.html … #glossier #haul #balmdotcom",,@glossier,#glossier #haul #balmdotcom,"894997060167979008",https://twitter.com/ohhjuliana/status/894997060167979008
,2017-08-02 11:14,0,0,"Has anyone tried both the #rose and the #mint #balmdotcom from #glossier ? I LOVE Mint; but I want to try Rose...",,,#rose #mint #balmdotcom #glossier,"892810920572801024",https://twitter.com/liquorishhhh/status/892810920572801024
,2017-07-14 11:19,0,0,"Just stocked up on #Glossier #boybrow and #balmdotcom in birthday cake! Hello; bday weekend! Get yours for 10% off: http:// bff.glossier.com/fMOKx",,,#Glossier #boybrow #balmdotcom,"885926620506320897",https://twitter.com/amerikanglam/status/885926620506320897
,2017-07-14 08:44,0,1,"Head over to my blog to read about my natural everyday makeup routine! @Ukbloggerunite @glossier #glossier #balmdotcom #everydaymakeup pic.twitter.com/pKeXfuJ4gr",,@Ukbloggerunite @glossier,#glossier #balmdotcom #everydaymakeup,"885887643854229504",https://twitter.com/Gabriellalundgr/status/885887643854229504
,2017-07-12 13:22,0,1,"Any thick Vaseline type cream will do actually but I use 8 hr creme (sometime in a pickle I also use #balmdotcom ). Reapply as needed.",,,#balmdotcom,"885232982881128449",https://twitter.com/DawnCloud/status/885232982881128449
,2017-07-11 04:36,0,0,"Obsessed #glossier #balmdotcom thanks @bcole429 pic.twitter.com/mmRBGSlWMp",,@bcole429,#glossier #balmdotcom,"884738122650710016",https://twitter.com/ZiembaL/status/884738122650710016
,2017-07-02 19:12,1,2,"Balm Life! @glossier #glossier #balmdotcom #obsessed @tamarakraus http:// hannahmariecook.com/2017/07/03/bal m-life/ … pic.twitter.com/fj95uUhl1e",,@glossier @tamarakraus,#glossier #balmdotcom #obsessed,"881697086869299200",https://twitter.com/hannahkooc/status/881697086869299200
,2017-06-30 18:08,0,7,"The @glossier staples. #boybrow #balmdotcom pic.twitter.com/iHKEZiQMeF",,@glossier,#boybrow #balmdotcom,"880956198039822336",https://twitter.com/mothhaus/status/880956198039822336
,2017-06-29 14:31,1,19,"Dear @glossier I LOVE U THATS ALLLLLLL <and the stickers to> #balmdotcom pic.twitter.com/4WggeeIpmd",,@glossier,#balmdotcom,"880539182753558533",https://twitter.com/lolomusic/status/880539182753558533
,2017-06-28 22:40,0,0,"I only wear glossier #glossier #balmdotcom @San Francisco; California https://www. instagram.com/p/BV6X8nGjUOd/",,@San,#glossier #balmdotcom,"880300000592502785",https://twitter.com/Msgabrielleg/status/880300000592502785
,2017-06-28 21:51,0,4,"@glossier #birthdaybalmdotcom #balmdotcom pic.twitter.com/RG8MIDCFS9",,@glossier,#birthdaybalmdotcom #balmdotcom,"880287616674840576",https://twitter.com/corrupt_casper/status/880287616674840576
,2017-06-28 09:21,0,1,"@glossier #balmdotcom lasts for hours and its absolutely amazing haha",,@glossier,#balmdotcom,"880098833174331392",https://twitter.com/helloclariza/status/880098833174331392
,2017-06-26 11:24,0,0,"We fell in love with #balmdotcom . Why? because it moisturizes and hydrates lips minus the… https://www. instagram.com/p/BV0BAUTD_LF/",,,#balmdotcom,"879405126317899779",https://twitter.com/tamaradelbridge/status/879405126317899779
,2017-06-22 07:23,0,0,"The time is now! @glossier #balmdotcom pic.twitter.com/T0PeWvpQUK",,@glossier,#balmdotcom,"877894772114849794",https://twitter.com/samanTHATwelch/status/877894772114849794
,2017-06-20 15:03,0,1,"My love for @glossier . #balmdotcom #happygirl #happyskin pic.twitter.com/ubCrJbJopE",,@glossier,#balmdotcom #happygirl #happyskin,"877285930679377921",https://twitter.com/brookeshelby/status/877285930679377921
,2017-06-19 22:53,0,1,"I'm waiting for you birthday cake #balmdotcom I'm waiting for you... @glossier pic.twitter.com/p7dQz3VwSK",,@glossier,#balmdotcom,"877041759154446337",https://twitter.com/samanTHATwelch/status/877041759154446337
,2017-06-19 07:50,0,2,"Smooth & minty lips thanks to @Glossier #BalmDotCom — p.s. 20% OFF your entire purchase w my link! >> http:// bit.ly/glossierbffnaa tizzle … << pic.twitter.com/XP4L6frHKw",,@Glossier,#BalmDotCom,"876814570668539904",https://twitter.com/naatizzle/status/876814570668539904
,2017-06-18 08:37,0,0,"The Ultimate No Makeup-Makeup | #Glossier Review http:// wp.me/p6UvuT-oq #balmdotcom",,,#Glossier #balmdotcom,"876463810302930944",https://twitter.com/Steff_Entralgo/status/876463810302930944
,2017-06-15 17:13,0,1,"Finally! @glossier #balmdotcom",,@glossier,#balmdotcom,"875506521018294272",https://twitter.com/samanTHATwelch/status/875506521018294272
,2017-06-15 08:13,0,5,"Just ordered #Haloscope in Topaz & #birthdaycake #balmdotcom from @glossier ; for those almost makeup free summer days",,@glossier,#Haloscope #birthdaycake #balmdotcom,"875370644258664448",https://twitter.com/JaeISfancy/status/875370644258664448
,2017-06-15 06:55,1,2,"So excited @glossier Birthday #balmdotcom is now available link to shop here: https://www. glossier.com/reps/katiewald ow … #glossier #birthdaybalmdotcom pic.twitter.com/Yj9cg3DvuP",,@glossier,#balmdotcom #glossier #birthdaybalmdotcom,"875351001913581568",https://twitter.com/heykatieco/status/875351001913581568
,2017-06-15 05:31,0,2,"WORD ON THE STREET: @glossier new #birthdaycake #balmdotcom launches today-Use my link for 20% off your first order! http:// bff.glossier.com/fFPDn",,@glossier,#birthdaycake #balmdotcom,"875329959019118592",https://twitter.com/AlanaMarie/status/875329959019118592
,2017-06-09 15:11,0,0,"Apparently we're hosting an office party for the @milkbarstore X glossier #balmdotcom collab! … https://www. instagram.com/p/BVIpaCrDxf_/",,@milkbarstore,#balmdotcom,"873301513698988037",https://twitter.com/jenn_edit/status/873301513698988037
,2017-06-09 14:44,0,0,"Just got the latest #balmdotcom from glossier and I am in love Its clear with holographic… https://www. instagram.com/p/BVImYQggi_H/",,,#balmdotcom,"873294842826305536",https://twitter.com/caitlynmeyermua/status/873294842826305536
,2017-06-09 13:51,0,0,"glossier X @milkbarstore #balmdotcom coming soon... https://www. instagram.com/p/BVIgPOcnOmu/",,@milkbarstore,#balmdotcom,"873281363188867072",https://twitter.com/gabriellaloren/status/873281363188867072
,2017-06-08 20:19,0,2,"when bday in June is new xmas in July; thx @glossier for sending special @milkbarstore x #balmdotcom #glossier #glossierinthewild #nyc pic.twitter.com/Nl9rlGCeAs",,@glossier @milkbarstore,#balmdotcom #glossier #glossierinthewild #nyc,"873016648499900416",https://twitter.com/laura_correnti/status/873016648499900416
,2017-06-07 14:18,0,0,"Guys!!!!!!! Soon . by : @michellekmiles #glossier #lipbalm #balmdotcom #newin … https://www. instagram.com/p/BVDZy6hlgkF/",,@michellekmiles,#glossier #lipbalm #balmdotcom #newin,"872563494478114816",https://twitter.com/gtk77/status/872563494478114816
,2017-06-06 00:15,0,0,"The Ultimate No Makeup-Makeup | #Glossier Review http:// wp.me/p6UvuT-oq #balmdotcom",,,#Glossier #balmdotcom,"871988994963329024",https://twitter.com/Steff_Entralgo/status/871988994963329024
,2017-05-27 16:53,0,0,"Glossier IRL #balmdotcom @Claremont Canyon Regional Preserve https://www. instagram.com/p/BUnWwRCgbFl/",,@Claremont,#balmdotcom,"868616153740062720",https://twitter.com/Msgabrielleg/status/868616153740062720
,2017-05-26 14:09,1,3,"What are your @glossier #pinkpouch essentials? Mine are #boybrow #geng in cake + #balmdotcom coconut xo pic.twitter.com/ELMTt6KgGZ",,@glossier,#pinkpouch #boybrow #geng #balmdotcom,"868212553939263489",https://twitter.com/Blainecwithrow/status/868212553939263489
,2017-05-03 13:40,0,0,"Plans for tonight: glossier #glossier #skincare #newin #finally #phase1 #phase2 #balmdotcom … https://www. instagram.com/p/BTpNoYljpzD/",,,#glossier #skincare #newin #finally #phase1 #phase2 #balmdotcom,"859870368479285252",https://twitter.com/punkygeraldine/status/859870368479285252
,2017-04-28 17:49,0,0,"Glossier sticker from Summer 2015 ... so darn cute. #glossier #balmdotcom #nailpolish … https://www. instagram.com/p/BTcyGkGl1mW/",,,#glossier #balmdotcom #nailpolish,"858120983361855488",https://twitter.com/gtk77/status/858120983361855488
,2017-04-24 08:53,0,0,"glossier Phase 1 Set remodeled to now let you choose your #BalmDotCom of choice Save 20%… https://www. instagram.com/p/BTRhomtDZ6z/",,,#BalmDotCom,"856536650398277632",https://twitter.com/chrissy_durette/status/856536650398277632
,2017-04-23 20:49,0,0,"Skin First. Start with glossier Phase 1 Set . #glossier #glossierrep #skincare #balmdotcom … https://www. instagram.com/p/BTQOvtTleej/",,,#glossier #glossierrep #skincare #balmdotcom,"856354381624692736",https://twitter.com/gtk77/status/856354381624692736
,2017-04-22 13:35,0,0,"These are my BDC faves. #glossier #glossierrep #balmdotcom #lipbalm #damselflavored … https://www. instagram.com/p/BTM4PGyl51T/",,,#glossier #glossierrep #balmdotcom #lipbalm #damselflavored,"855882667849633794",https://twitter.com/gtk77/status/855882667849633794
,2017-04-21 21:48,0,0,"which flavour is your favorite? get yours for 20% off using my link: http:// bff.glossier.com/eAIPS #glossier #beauty #skincare #balmdotcom pic.twitter.com/zfa7pVWgIU",,,#glossier #beauty #skincare #balmdotcom,"855644391217651712",https://twitter.com/katiebschenk/status/855644391217651712
,2017-04-21 13:19,0,0,"Have you heard?! glossier's Phase 1 Set is now only $45. Choose your flavor of #balmdotcom & get… https://www. instagram.com/p/BTKRrcVA1iJ/",,,#balmdotcom,"855516398583517185",https://twitter.com/ErinMBrady/status/855516398583517185
,2017-04-21 07:10,0,0,"Did you catch the remodel of glossier Phase 1 ?! They added the choice of any #balmdotcom you… https://www. instagram.com/p/BTJnbTMj9vZ/",,,#balmdotcom,"855423489016201216",https://twitter.com/chrissy_durette/status/855423489016201216
,2017-04-20 07:49,0,0,"With the New Phase 1 Set from glossier you can now choose your flavor of #balmdotcom now! Sooo… https://www. instagram.com/p/BTHHIEkD9Ai/",,,#balmdotcom,"855070984109531136",https://twitter.com/chrissy_durette/status/855070984109531136
,2017-04-17 06:39,0,2,"Just in case the Easter bunny left some @glossier #balmdotcom out of your basket this year; you can snag a tube fo… http:// ift.tt/2p9SdEX pic.twitter.com/y9PuelEilv",,@glossier,#balmdotcom,"853966097451819008",https://twitter.com/jordantaylor/status/853966097451819008
,2017-03-31 11:15,0,0,"Lip essentials! #Glossier #GenerationG #BalmDotCom #GlossierAllDay #Lips #Lip #Makeup #MOTD http:// ift.tt/2oqalH8 pic.twitter.com/kwYMrFmNeI",,,#Glossier #GenerationG #BalmDotCom #GlossierAllDay #Lips #Lip #Makeup #MOTD,"847875099000799233",https://twitter.com/helloimkaren_/status/847875099000799233
,2017-03-28 10:00,0,0,"We've got our hands on some @glossier #balmdotcom ! Who else loves this product?! #MMFNYC #MakeMeFabulous pic.twitter.com/xsxD1GmU7f",,@glossier,#balmdotcom #MMFNYC #MakeMeFabulous,"846769074436788224",https://twitter.com/mmf_nyc/status/846769074436788224
,2017-03-26 12:24,0,0,"like shit i need #boybrow #skintint #cloudpaint #balmdotcom etc etc",,,#boybrow #skintint #cloudpaint #balmdotcom,"846080378846658560",https://twitter.com/slarsso/status/846080378846658560
,2017-03-24 11:53,0,0,"Happy #treatyoself Friday to me! ps use this if you want 20% off your order @glossier - the #balmdotcom is SO GOOD. http:// bff.glossier.com/fhRjy",,@glossier,#treatyoself #balmdotcom,"845347735226200064",https://twitter.com/alinaptweets/status/845347735226200064
,2017-03-21 04:07,0,1,"Embracing springtime with lilac&violet perfume and @glossier 's #CloudPaint in Puff & #balmdotcom in Rose pic.twitter.com/pm298NCu6t",,@glossier,#CloudPaint #balmdotcom,"844143320494432256",https://twitter.com/jolenemeghan/status/844143320494432256
,2017-03-14 07:14,0,2,"#glossier coconut #balmdotcom is #a1 tropical goodness #skincareroutine #skincareessentials … https://www. instagram.com/p/BRnxpLfDIMI/",,,#glossier #balmdotcom #a1 #skincareroutine #skincareessentials,"841653683385446400",https://twitter.com/glamonglam/status/841653683385446400
,2017-03-10 19:09,0,3,"@glossier staples #glossier #makeup #minimalist #bbloggers #beautytrends #balmdotcom #haloscope @IntoTheGloss #intothegloss pic.twitter.com/OpXG2cff1t",,@glossier @IntoTheGloss,#glossier #makeup #minimalist #bbloggers #beautytrends #balmdotcom #haloscope #intothegloss,"840399190618394624",https://twitter.com/chrissy_durette/status/840399190618394624
,2017-03-07 12:45,0,0,"Just another day patiently waiting for @glossier to ship to Canada...Our lips our so chapped without #BalmDotCom",,@glossier,#BalmDotCom,"839215328039170048",https://twitter.com/TheStrategyCA/status/839215328039170048
,2017-03-02 20:37,0,0,"Keeping with my Aloha Theme; my fave flavor of glossier Coconut #BalmDotCom https://www. instagram.com/p/BRKa7l5gaUT/",,,#BalmDotCom,"837522346726436865",https://twitter.com/chrissy_durette/status/837522346726436865
,2017-02-16 12:01,0,0,"This tropical topical in the #mlnyfwtote from @RosebudLipSalve is keeping our models' luscious lips on point #balmdotcom",,@RosebudLipSalve,#mlnyfwtote #balmdotcom,"832318958413967360",https://twitter.com/modellounge/status/832318958413967360
,2017-02-14 13:29,0,1,"Just ordered @glossier #maskduo ! Can't wait to cleanse & indulge! Also had to throw in some Rose #BalmDotCom ##",,@glossier,#maskduo #BalmDotCom # #,"831616472308862976",https://twitter.com/futbolbabeee/status/831616472308862976
,2017-02-07 11:37,0,0,"Winter chapped lips update... #glossier coconut #balmdotcom has been reviving them. This may be the one! pic.twitter.com/KtFF6K2zS2",,,#glossier #balmdotcom,"829051395860869120",https://twitter.com/CongoleseQueen/status/829051395860869120
,2017-02-05 15:04,0,0,"I love glossier; but I have to give up my #balmdotcom it's not their fault. I didn't read the… https://www. instagram.com/p/BQJc9NsBwd4/",,,#balmdotcom,"828378863864393728",https://twitter.com/lookfabuless/status/828378863864393728
,2017-02-01 12:55,0,0,"Now we can get hubs in on the #glossier love-fest...time to tame those brows! Though he does love a cheeky #balmdotcom",,,#glossier #balmdotcom,"826896734714523648",https://twitter.com/butteryourlife/status/826896734714523648
,2017-01-25 18:42,0,0,"In the meantime; after further research; I've ordered #balmdotcom coconut and will start using that tomorrow... more to come",,,#balmdotcom,"824447446713409536",https://twitter.com/CongoleseQueen/status/824447446713409536
,2017-01-19 08:09,0,0,"Don't be dry. glossier #Glossier #BalmDotCom @New York; New York https://www. instagram.com/p/BPc74aohoMy/",,@New,#Glossier #BalmDotCom,"822113683442499584",https://twitter.com/NickBarose/status/822113683442499584
,2017-01-15 12:32,0,0,". @Glossier review on #Haloscope #balmdotcom #beauty https:// youtu.be/wwEHBsOR4nQ",,@Glossier,#Haloscope #balmdotcom #beauty,"820730294152101895",https://twitter.com/FashionWasHere/status/820730294152101895
,2017-01-15 09:43,0,1,"I wanted to see what all the fuss was about. You can too & take 20% off your first order @glossier #balmdotcom http:// bff.glossier.com/eUuW2 pic.twitter.com/dRokBVOBZu",,@glossier,#balmdotcom,"820687882948149254",https://twitter.com/scentrebel/status/820687882948149254
,2017-01-10 15:12,0,1,"Don't let a cold get the best of your nose. Cult favorite balm by @glossier to the rescue! #balmdotcom #pittsburghblogger #pittsburgh pic.twitter.com/E28GWRjlfn",,@glossier,#balmdotcom #pittsburghblogger #pittsburgh,"818958678573383681",https://twitter.com/Zelnira_inPGH/status/818958678573383681
,2017-01-06 19:57,0,0,"just got this baby in the mail! get yours for 20% off: http:// bff.glossier.com/ec-kD #glossier #promocode #skincare #balmdotcom pic.twitter.com/lt9R3o49xe",,,#glossier #promocode #skincare #balmdotcom,"817580898501545984",https://twitter.com/katiebschenk/status/817580898501545984
,2017-01-02 15:11,0,3,"All I've been using since Christmas. @glossier #balmdotcom + @soapandglory #sexymotherp … http:// ift.tt/2j1G9me pic.twitter.com/wVhPIzeQgH",,@glossier @soapandglory,#balmdotcom #sexymotherp,"816059316646084608",https://twitter.com/laceandwhimsy/status/816059316646084608
,2016-12-30 07:09,0,1,"@danicexo Your Mummy was the highlight of 2016. #balmdotcom #soul #SmileMaker",,@danicexo,#balmdotcom #soul #SmileMaker,"814850814103654400",https://twitter.com/locmama007/status/814850814103654400
,2016-12-12 16:36,0,0,"almost done with my christmas shopping; so i treated myself to some #glossier ! #balmdotcom … https://www. instagram.com/p/BN7_um8g5t4/",,,#glossier #balmdotcom,"808470602143137792",https://twitter.com/emoleechen/status/808470602143137792
,2016-12-09 13:45,0,1,"Loving my new #glossier #balmdotcom and #milkjellycleanser #42yearoldskin pic.twitter.com/eLaf1m2FCp",,,#glossier #balmdotcom #milkjellycleanser #42yearoldskin,"807340500789379072",https://twitter.com/JordynRose86/status/807340500789379072
,2016-12-08 01:22,0,0,"Today's mantra: Skin first. Makeup second #glossier #skinfirstmakeupsecond #balmdotcom … https://www. instagram.com/p/BNwD_kujDs_/",,,#glossier #skinfirstmakeupsecond #balmdotcom,"806791134336819200",https://twitter.com/LumeiRee/status/806791134336819200
,2016-12-06 11:52,1,0,"Here's a little something we swear by for cracked lips in the winter: https:// bonneny.com/things-we-swea r-by … @glossier #BalmDotcom #Grooming #Men pic.twitter.com/5tP4EiYQ0x",,@glossier,#BalmDotcom #Grooming #Men,"806224899547217920",https://twitter.com/BONNENewYork/status/806224899547217920
,2016-12-04 07:11,0,1,"Look what flew in yesterday the Universal #balmdotcom #skin #Salve by #glossier through #netaporter ... LOVE..… pic.twitter.com/2kOck1UoW5",,,#balmdotcom #skin #Salve #glossier #netaporter,"805429261398114304",https://twitter.com/katebeautyowls/status/805429261398114304
,2016-11-05 18:58,0,0,"I love to apply this to my lips before bed! Get yours for 20% off using my link: http:// bff.glossier.com/ec-kD #Glossier #skinfirst #balmdotcom pic.twitter.com/KqRGzwywcd",,,#Glossier #skinfirst #balmdotcom,"795082967445950464",https://twitter.com/katiebschenk/status/795082967445950464
,2016-10-27 08:35,0,0,"Because life is way too short for dry lips or scarse brows. #glossier #boybrow #balmdotcom http:// bit.ly/2e0LUfY pic.twitter.com/8k7iZ513WK",,,#glossier #boybrow #balmdotcom,"791664549543964673",https://twitter.com/gococollective/status/791664549543964673
,2016-10-25 19:41,0,0,""Phase 3" heehee. My obsession continues @glossier <3 #treatyoself #phase1and2acquired #skincareftw #balmdotcom pic.twitter.com/xdbrNBU0QF",,@glossier,#treatyoself #phase1and2acquired #skincareftw #balmdotcom,"791107392197001216",https://twitter.com/MsWartooth/status/791107392197001216
,2016-10-19 09:27,0,0,"#glossier #balmdotcom this stuff is awesome..... https://www. instagram.com/p/BLuIV1-jAZm/",,,#glossier #balmdotcom,"788778732362366976",https://twitter.com/mykemakeupguy/status/788778732362366976
,2016-10-18 02:05,0,1,"My first glossier order. Can't wait to try the flavoured #balmdotcom #bbloggers #glossier @… https://www. instagram.com/p/BLstgxejACc/",,@,#balmdotcom #bbloggers #glossier,"788305084513935360",https://twitter.com/shereemilli/status/788305084513935360
,2016-10-05 09:35,0,0,"Pro tip: when applying #balmdotcom ; warm a pea-sized amount between two fingers before app… http:// bit.ly/2dKgCYJ pic.twitter.com/CVqkD82kWI",,,#balmdotcom,"783707211231010817",https://twitter.com/gococollective/status/783707211231010817
,2016-09-14 09:50,1,1,"Going gaga for @glossier on my blog today: http:// wakeupformakeup.com/glossier-revie w/ … #glossier #boybrow #balmdotcom #bblogger #review #ontheblog",,@glossier,#glossier #boybrow #balmdotcom #bblogger #review #ontheblog,"776100755266674688",https://twitter.com/wakeupformakeup/status/776100755266674688
,2016-09-04 03:29,0,0,"Mountain Beauty #balmdotcom #glossier #drbeautiful #beautyoftheday #beautyeditor #editorspick … https://www. instagram.com/p/BJ7kDR-g_tN/",,,#balmdotcom #glossier #drbeautiful #beautyoftheday #beautyeditor #editorspick,"772380942279344128",https://twitter.com/skinproofed/status/772380942279344128
,2016-08-31 16:38,0,0,"Summer '16 refills #glossier #glossierpink #glossierskintint #balmdotcom @Jersey City; New… https://www. instagram.com/p/BJyrQoUDy9k/",,@Jersey,#glossier #glossierpink #glossierskintint #balmdotcom,"771130158082355201",https://twitter.com/nicjanisch/status/771130158082355201
,2016-08-25 14:59,0,3,"@glossier @EmilyWWeiss This article is just... You get it. All of the "its." You are the #balmdotcom - http:// bzfd.it/2cc7tMf",,@glossier @EmilyWWeiss,#balmdotcom,"768930944552022016",https://twitter.com/Amanda_Story/status/768930944552022016
,2016-08-25 10:25,0,0,"essentials for glowing skin and soft lips // #glossier #skincare #balmdotcom https://www. instagram.com/p/BJijyacgSIX/",,,#glossier #skincare #balmdotcom,"768861926243831808",https://twitter.com/StyleOperator/status/768861926243831808
,2016-08-22 21:11,0,1,"just got some more #balmdotcom from #glossier use my link to get 20% off your first order!! #glossierpromocode #skincare",,,#balmdotcom #glossier #glossierpromocode #skincare,"767937197144088577",https://twitter.com/katiebschenk/status/767937197144088577
,2016-08-17 08:55,0,1,"My first #glossier order came today! So excited to try #balmdotcom https://www. instagram.com/p/BJNzF1qjvCx/",,,#glossier #balmdotcom,"765940092775100417",https://twitter.com/theseasonahead/status/765940092775100417
,2016-08-15 16:09,0,0,"Love my Glossier Cherry Balm dot Com. Absolute fave! Thanks glossier #balmdotcom #glossier … https://www. instagram.com/p/BJJbNrfAua6/",,,#balmdotcom #glossier,"765324645851664384",https://twitter.com/WatsonAmila/status/765324645851664384
,2016-07-31 08:33,0,0,"Have now got a little obsession over these #glossier #balmdotcom thanks to dgkirkwood I just… https://www. instagram.com/p/BIh_HrQhQE5/",,,#glossier #balmdotcom,"759774097068785664",https://twitter.com/popofcoral/status/759774097068785664
,2016-07-29 14:15,1,2,"My fave scents of summer tbh @glossier @CariBreezeSun #balmdotcom #summer #glossier pic.twitter.com/hLdLaTub5r",,@glossier @CariBreezeSun,#balmdotcom #summer #glossier,"759135288950034433",https://twitter.com/BreeMartino/status/759135288950034433
,2016-07-28 16:04,0,0,"Take my money please #vsco #vscocam #glossier #soothingfacemist #cocobalmdotcom #balmdotcom https://www. instagram.com/p/BIbEWdlAF9S/",,,#vsco #vscocam #glossier #soothingfacemist #cocobalmdotcom #balmdotcom,"758800434211414017",https://twitter.com/tashawonderland/status/758800434211414017
,2016-07-19 17:27,0,0,"Tuesday Treats @glossier #GenerationG #balmdotcom http:// bff.glossier.com/d5JQC pic.twitter.com/z6YV1OahiU",,@glossier,#GenerationG #balmdotcom,"755559743846948864",https://twitter.com/hipstress/status/755559743846948864
,2016-07-14 00:03,0,1,"scrubbed the shit out of my lips then slathered on @glossier #balmdotcom my lips better be soft and supple as fuck for bae tm #justsayin",,@glossier,#balmdotcom #justsayin,"753485100935880705",https://twitter.com/the_hungryasian/status/753485100935880705
,2016-07-13 06:40,0,1,"One simply cannot have enough #glossier #balmdotcom #bblogger #bbloggers #beauty #blogger #obsessed https://www. instagram.com/p/BHzbyLfA1Wd/",,,#glossier #balmdotcom #bblogger #bbloggers #beauty #blogger #obsessed,"753222464197525504",https://twitter.com/ShyuSized/status/753222464197525504
,2016-07-09 14:15,0,0,"The glossier #balmdotcom packing is beyond gorgeous. All that mood-boarding certainly paid off;… https://www. instagram.com/p/BHp8vzEg1cU/",,,#balmdotcom,"751887574705250304",https://twitter.com/tm_ro/status/751887574705250304
,2016-07-05 11:09,0,0,"Current "dilemma" thanks to the babes at glossier. Which #balmdotcom to use? Not mad about… https://www. instagram.com/p/BHfUQffBy4m/",,,#balmdotcom,"750391169855565824",https://twitter.com/KatSuicoTweets/status/750391169855565824
,2016-07-01 15:03,0,1,"Am I part of the super cool party people only club; now? #Glossier #balmdotcom https://www. instagram.com/p/BHVb4CuAcNX/",,,#Glossier #balmdotcom,"749000540139425792",https://twitter.com/aprillerikson/status/749000540139425792
,2016-06-28 04:27,0,0,"Noms. glossier #balmdotcom #glossier https://www. instagram.com/p/BHMkr0Tg8XW/",,,#balmdotcom #glossier,"747753273680142336",https://twitter.com/AsiaWerner/status/747753273680142336
,2016-06-26 16:17,0,0,"Keeping it simple on a Sunday. I carry glossier #balmdotcom me wherever I go! Coconut is my… https://www. instagram.com/p/BHIsU2SBYww/",,,#balmdotcom,"747207132118814720",https://twitter.com/linnea2flower/status/747207132118814720
,2016-06-24 11:12,0,1,"She floats! ! #glossier #balmdotcom https://www. instagram.com/p/BHC_1aIhffH/",,,#glossier #balmdotcom,"746405607385620480",https://twitter.com/stephaniechic/status/746405607385620480
,2016-06-21 09:16,0,0,"20% off your 1st @glossier purchase ladies & gentlemen! http:// bff.glossier.com/d0DYk #balmdotcom #alldayeveryday",,@glossier,#balmdotcom #alldayeveryday,"745289206210060288",https://twitter.com/hipstress/status/745289206210060288
,2016-06-20 14:20,0,0,"Because all beauty essentials are made for simplicity #glossier #balmdotcom … https://www. instagram.com/p/BG5CKnxq9F8/",,,#glossier #balmdotcom,"745003365571035136",https://twitter.com/WeVoiceFashion/status/745003365571035136
,2016-06-16 12:50,0,0,"@glossier 's #BalmDotcom is so delicious! https:// twitter.com/Fashionisers/s tatus/743515169041584128 …",,@glossier,#BalmDotcom,"743531267656908805",https://twitter.com/arm_karapetyan/status/743531267656908805
,2016-06-13 10:37,0,0,"I love the coconut balm dotcom; it smells heavenly!! #coconutbalmdotcom #balmdotcom https://www. instagram.com/p/BGMpPNlKVwq/",,,#coconutbalmdotcom #balmdotcom,"742410471962218497",https://twitter.com/anchicat/status/742410471962218497
,2016-06-08 23:48,0,0,"Where's that internacional shipping @glossier ? #BalmDotCom",,@glossier,#BalmDotCom,"740797703257501696",https://twitter.com/namelessStyle/status/740797703257501696
,2016-06-08 18:52,2,3,"9 Ways To Use #BalmDotcom In Your Beauty Routine: http:// goo.gl/8RvXQn @glossier #beauty #makeup #beautyroutine pic.twitter.com/wEfr7WE5Nr",,@glossier,#BalmDotcom #beauty #makeup #beautyroutine,"740723327128375297",https://twitter.com/labels_lacquer/status/740723327128375297
,2016-06-08 09:45,0,1,"When you lose your @glossier #balmdotcom you don't just order one replacement; you order two. #thestruggleisreal #glossier",,@glossier,#balmdotcom #thestruggleisreal #glossier,"740585593164435457",https://twitter.com/sgracelynn/status/740585593164435457
,2016-06-08 03:28,0,0,"Could this be THE best lip balm/salve in the WORLD?! http:// lightgraceandbeauty.blogspot.sk/2016/06/bang-o r-bust-jack-black-intense-therapy.html … #JackBlack #gettheblack #lipsaver #lipbalm #balmdotcom",,,#JackBlack #gettheblack #lipsaver #lipbalm #balmdotcom,"740490716707758080",https://twitter.com/krisdujcakova/status/740490716707758080
,2016-06-07 08:43,0,0,"The gang is all here! glossier #balmdotcom #itsaparty #glossier https://www. instagram.com/p/BGW9TCapjMw/",,,#balmdotcom #itsaparty #glossier,"740207573886996480",https://twitter.com/ADenae/status/740207573886996480
,2016-06-06 07:31,0,0,"Lip gloss that is truly the bomb/balm dot com #balmdotcom glossier https://www. instagram.com/p/BGUQSgfSIN7/",,,#balmdotcom,"739827124996087810",https://twitter.com/the_momcierge/status/739827124996087810
,2016-06-06 06:52,0,0,"Starting Monday the right way; with glossier. #balmdotcom #coconut #summer #beachbabe #glossier … https://www. instagram.com/p/BGULwj1D5sj/",,,#balmdotcom #coconut #summer #beachbabe #glossier,"739817164841050112",https://twitter.com/EmKP92/status/739817164841050112
,2016-06-04 21:44,0,1,"all about that #rose #balmdotcom ! > @glossier",,@glossier,#rose #balmdotcom,"739317026196328449",https://twitter.com/hipstress/status/739317026196328449
,2016-06-04 10:00,0,3,"This week's beauty obsessions: @theouai #WaveSpray ; @glossier #rose #balmdotcom ; @LancomeUSA #JuicyShaker from @Nordstrom @Sephora",,@theouai @glossier @LancomeUSA @Nordstrom @Sephora,#WaveSpray #rose #balmdotcom #JuicyShaker,"739139668650778624",https://twitter.com/hipstress/status/739139668650778624
,2016-05-30 15:29,0,0,"Here’s 20% off your 1st purchase at Glossier PLUS use promo code MOLLS FOR $5 OFF http:// bff.glossier.com/dWbVk #GLOSSIER #PROMOCODE #BALMDOTCOM",,,#GLOSSIER #PROMOCODE #BALMDOTCOM,"737410561084821504",https://twitter.com/ELLAmusicNwino/status/737410561084821504
,2016-05-29 00:44,0,0,"20% off your 1st @glossier order + free shipping for #MemorialDay I just grabbed lmtd ed rose #balmdotcom http:// bff.glossier.com/dVYNw",,@glossier,#MemorialDay #balmdotcom,"736825541668392961",https://twitter.com/hipstress/status/736825541668392961
,2016-05-28 08:59,0,0,"When you get a side of @glossier with your yummy mint ice cream // #glossier #mint #balmdotcom #skincare #makeu … pic.twitter.com/EfxPsyFaLG",,@glossier,#glossier #mint #balmdotcom #skincare #makeu,"736587688036466688",https://twitter.com/Monica_DiazR/status/736587688036466688
,2016-05-28 08:55,0,0,"When you get a side of @glossier with your yummy mint ice cream // #glossier #mint #balmdotcom #skincare #makeu … pic.twitter.com/XiWNzK7C5l",,@glossier,#glossier #mint #balmdotcom #skincare #makeu,"736586786584027138",https://twitter.com/Emma_Damasco/status/736586786584027138
,2016-05-27 06:43,0,1,"Woke up wishing I could buy #balmdotcom in person to avoid shipping and #voila ! Thanks @glossier for the #MDW perk http:// bff.glossier.com/dVGCc",,@glossier,#balmdotcom #voila #MDW,"736191164240568321",https://twitter.com/BrennaCoops/status/736191164240568321
,2016-05-27 05:14,1,3,"Manila; how about some Glossier? #glossierph #glossiermnl #glossiermanila #balmdotcom pic.twitter.com/Xc5R3D3oGp",,,#glossierph #glossiermnl #glossiermanila #balmdotcom,"736168686902382597",https://twitter.com/themakeupbarmnl/status/736168686902382597
,2016-05-25 22:49,0,2,"peonies season is just the best Ps: those new #balmdotcom from @glossier are da bomb pic.twitter.com/vIbJ6yVzV8",,@glossier,#balmdotcom,"735709518328266753",https://twitter.com/styleplayground/status/735709518328266753
,2016-05-22 17:54,0,0,"Alphabetical order because I love them all the same but different #balmdotcom https://www. instagram.com/p/BFuvrRgoalv/",,,#balmdotcom,"734548122114920448",https://twitter.com/VictoriaFayad/status/734548122114920448
,2016-05-22 17:36,0,1,"sunblasted #glossierinthewild #boybrow #balmdotcom #pingame #pins #glossier #feelingmyself … https://www. instagram.com/p/BFurEUjuPSs/",,,#glossierinthewild #boybrow #balmdotcom #pingame #pins #glossier #feelingmyself,"734543499270492162",https://twitter.com/halidegloss/status/734543499270492162
,2016-05-20 14:33,4,32,"@boredbarbara shining bright in @glossier #balmdotcom #boybrowinbrown pic.twitter.com/3A8VGygeuw",,@boredbarbara @glossier,#balmdotcom #boybrowinbrown,"733772782933266432",https://twitter.com/ckomarovski/status/733772782933266432
,2016-05-17 14:37,0,0,"All @glossier skin care! #fresh #balmdotcom pic.twitter.com/UfiTADL9CP",,@glossier,#fresh #balmdotcom,"732686502229073920",https://twitter.com/iambiancaharris/status/732686502229073920
,2016-05-16 12:35,0,17,"Fave rose lip balms ! glossier #BalmDotcom $12; @anthropologie $12; @byterryofficial Baum… https://www. instagram.com/p/BFeuVfOJGHT/",,@anthropologie @byterryofficial,#BalmDotcom,"732293382219784192",https://twitter.com/coffeebreakdani/status/732293382219784192
,2016-05-13 18:04,3,20,"Porfin son mios! Son mi "premio" por terminar el semestre. #glossier #balmdotcom https://www. instagram.com/p/BFXlqvjwiI6/",,,#glossier #balmdotcom,"731289157406851072",https://twitter.com/Monserrat_Herm/status/731289157406851072
,2016-05-13 16:59,0,1,"Couldn't choose just one flavor so I had to order them all! @glossier #balmdotcom pic.twitter.com/f0CqHAfrEn",,@glossier,#balmdotcom,"731272659267256320",https://twitter.com/versalorose/status/731272659267256320
,2016-05-13 08:27,0,0,"#glossierinthewild #glossier #balmdotcom @Chicago; Illinois https://www. instagram.com/p/BFWjo6yh_t0/",,@Chicago,#glossierinthewild #glossier #balmdotcom,"731143960484139008",https://twitter.com/gail__cooney/status/731143960484139008
,2016-05-12 19:30,0,1,"I've owned a tube of @glossier #balmdotcom for about 24 hours now and I've never felt so pure and complete as a person.",,@glossier,#balmdotcom,"730948367371632646",https://twitter.com/laceandwhimsy/status/730948367371632646
,2016-05-12 15:31,0,0,"My thoughts on the new glossier #balmdotcom trio is up on he blog now! @Larkspur; California https://www. instagram.com/p/BFUvS2YGomj/",,@Larkspur,#balmdotcom,"730888107818688514",https://twitter.com/BeautyByBenz/status/730888107818688514
,2016-05-11 18:43,0,2,"Welcome to the family new #glossier #balmdotcom trio: Mint; Rose; and Cherry. #treatyolips … https://www. instagram.com/p/BFSgi6EAyOq/",,,#glossier #balmdotcom #treatyolips,"730574197953560576",https://twitter.com/JoshCollierMUA/status/730574197953560576
,2016-05-11 18:06,0,0,"Ordered on Monday; arrived on Wednesday. @glossier rocks as always. #balmdotcom https://www. instagram.com/p/BFScI_kMpmj/",,@glossier,#balmdotcom,"730564830290022400",https://twitter.com/mychelle3/status/730564830290022400
,2016-05-10 21:44,0,1,"TFW you can't sleep so you do some midnight shopping and buy all of the new @glossier #balmdotcom flavors. #rosemintcherry",,@glossier,#balmdotcom #rosemintcherry,"730257349387137025",https://twitter.com/madisonjones1/status/730257349387137025
,2016-05-09 20:37,0,0,"And @glossier #balmdotcom is amazing for soothing dry; raw skin irritated by runny nose. Not glamorous; but it's keeping me sane right now.",,@glossier,#balmdotcom,"729878084720144384",https://twitter.com/SugarSocial/status/729878084720144384
,2016-05-09 14:53,0,0,"Ladies I'm about to cop some @glossier ; that #balmdotcom . letmehelpyou helpmehelpyou. use this link & get 20% off :) http:// bff.glossier.com/dR945",,@glossier,#balmdotcom,"729791413592850433",https://twitter.com/ItsOhCay/status/729791413592850433
,2016-05-09 09:42,0,0,"Monday. P.S. The @clinique bronzing gelee is amazing and my new favorite glossier #balmdotcom … https://www. instagram.com/p/BFMY9ZohaTp/",,@clinique,#balmdotcom,"729713121187651584",https://twitter.com/omgbart/status/729713121187651584
,2016-05-09 07:04,0,0,"Check out the #newnew #balmdotcom @glossier & get 20% off with my code #rose #cherry #mint http:// bff.glossier.com/dR4wb",,@glossier,#newnew #balmdotcom #rose #cherry #mint,"729673366387470337",https://twitter.com/ashleyhsnyder/status/729673366387470337
,2016-05-09 06:10,0,0,"Woke up early to get my hands on these babies #roseflavoredeverythang #balmdotcom @glossier pic.twitter.com/aIEvGeJ0uZ",,@glossier,#roseflavoredeverythang #balmdotcom,"729659713751818241",https://twitter.com/raena_m/status/729659713751818241
,2016-05-07 15:02,0,0,"Have Your @glossier Balm Dotcom & Eat It Too via @bustle #balmdotcom https://www. bustle.com/articles/15942 1-where-to-buy-glossier-balm-dotcom-ice-cream-because-yes-thats-a-thing … pic.twitter.com/7PbsVjoQ9w",,@glossier @bustle,#balmdotcom,"729068923895742464",https://twitter.com/augustastatz/status/729068923895742464
,2016-05-06 15:46,0,1,"Guess which of the new #glossier #balmdotcom flavors ( ) we tried first... They go on sale… https://www. instagram.com/p/BFFUPhjxfGs/",,,#glossier #balmdotcom,"728717557822324737",https://twitter.com/fatmascara/status/728717557822324737
,2016-05-06 15:18,0,1,"A great way to start a Friday: with new @glossier #balmdotcom flavors! 󾍘 [Out May 9!] http:// fb.me/7ikpU0J4t",,@glossier,#balmdotcom,"728710476767469568",https://twitter.com/techknowd/status/728710476767469568
,2016-05-06 14:39,0,2,"@glossier 's New #BalmDotcom Flavors Are Excellent http:// bsl.io/fSS Cop the holy grail of beauty products in new flavors on May 9!",,@glossier,#BalmDotcom,"728700788466311168",https://twitter.com/augustastatz/status/728700788466311168
,2016-05-06 14:20,0,0,"A great way to start a Friday: with new @glossier #balmdotcom flavors! 󾍘 [Out May 9!] http:// fb.me/7QOI55H7i",,@glossier,#balmdotcom,"728695863795585024",https://twitter.com/fhmweb/status/728695863795585024
,2016-05-06 10:53,0,5,"The grownup version of lip smackers; they come in all different flavors...glossier #balmdotcom … https://www. instagram.com/p/BFEytw6lOum/",,,#balmdotcom,"728643835618697216",https://twitter.com/TamiraJarrel/status/728643835618697216
,2016-05-06 09:44,0,1,"Yassssss @glossier yasssss more balmdotcom flavors! #glossier #balmdotcom #rose #cherry #mint pic.twitter.com/wNNp91SM8t",,@glossier,#glossier #balmdotcom #rose #cherry #mint,"728626550300610561",https://twitter.com/The0ptimist/status/728626550300610561
,2016-05-06 07:57,0,1,"teeheehee @glossier is SO SNEAKY i am never calm when it comes to #BALMDOTCOM pic.twitter.com/lJF1K7uHOG",,@glossier,#BALMDOTCOM,"728599532796252160",https://twitter.com/hG00dY/status/728599532796252160
,2016-05-06 07:52,0,1,"YAS on so many levels #GLOSSIER @glossier #BALMDOTCOM pic.twitter.com/G0Y83OyO9m",,@glossier,#GLOSSIER #BALMDOTCOM,"728598386191011840",https://twitter.com/ashleybyrdy/status/728598386191011840
,2016-05-03 09:05,0,2,"The product that I always have with me! This #balmdotcom is great for lips; cuticles & just about anything really! pic.twitter.com/2HjfWa9dgy",,,#balmdotcom,"727529623639232514",https://twitter.com/styleplayground/status/727529623639232514
,2016-04-30 10:08,0,0,"#Glossier is seriously the #BalmDotCom . Use my link to get 20% off your first @Glossier purchase! http:// bff.glossier.com/dQdjf",,@Glossier,#Glossier #BalmDotCom,"726458167912108032",https://twitter.com/SarahJTinoco/status/726458167912108032
,2016-04-28 18:13,0,1,"My first #Glossier purchase. #concealer #balmdotcom https://www. instagram.com/p/BEw-uGFpLrA4 DQdecGzHk9sqU8VWqUaUYQ51-M0/ …",,,#Glossier #concealer #balmdotcom,"725855479973421056",https://twitter.com/DuchessCadbury/status/725855479973421056
,2016-04-21 12:34,0,0,"These are amazing!!!! #tintedlipbalm #balmdotcom pic.twitter.com/zW9x5pzwI9",,,#tintedlipbalm #balmdotcom,"723233502536318976",https://twitter.com/Stars_D4/status/723233502536318976
,2016-04-21 09:59,0,0,"@glossier please ship to Canada! I'm dying to try your products! #Glossier #balmdotcom",,@glossier,#Glossier #balmdotcom,"723194370732621826",https://twitter.com/maddiwatson1/status/723194370732621826
,2016-04-20 05:22,0,0,"#skinfirstmakeupsecond #balmdotcom #skinfirstmakeupsecondsmilealways #glossier #phase2 #crush … https://www. instagram.com/p/BEbAGlfJZ7Z/",,,#skinfirstmakeupsecond #balmdotcom #skinfirstmakeupsecondsmilealways #glossier #phase2 #crush,"722762296263634944",https://twitter.com/buketyilmaz/status/722762296263634944
,2016-04-19 01:25,0,0,"Join the cult! Order using this link & get 20% off! http:// bff.glossier.com/dGoCH @glossier #glossier #balmdotcom pic.twitter.com/N8a2WjyOEw",,@glossier,#glossier #balmdotcom,"722340337415364608",https://twitter.com/lalabells12/status/722340337415364608
,2016-04-14 14:25,0,0,"@Glossier #BalmDotCom always has real estate in my bag. What's your can't live without product? http:// bit.ly/1Nr29vd",,@Glossier,#BalmDotCom,"720724621289463808",https://twitter.com/tiffdiorio/status/720724621289463808
,2016-04-14 09:18,0,0,"YAS! I'm in heaven #Idie #boybrow #natural #balmdotcom https://www. instagram.com/p/BEL-VbkwtX25 5A0J6hs7afDyAINAo3alI6lxko0/ …",,,#Idie #boybrow #natural #balmdotcom,"720647343645814784",https://twitter.com/veeeerow/status/720647343645814784
,2016-04-13 08:50,0,0,"Coconut cravings in the tropical trenches #glossier #boybrow #balmdotcom #thatplantlife http:// ift.tt/1SMHPGh pic.twitter.com/QY3WFEYy1l",,,#glossier #boybrow #balmdotcom #thatplantlife,"720278033567887360",https://twitter.com/heleneisfor/status/720278033567887360
,2016-04-12 08:03,0,0,"Today's #beautywardrobe : #glossier #lipstick and #balmdotcom !! #generationg #beautyaddict @… https://www. instagram.com/p/BEGsLh8Riik/",,@,#beautywardrobe #glossier #lipstick #balmdotcom #generationg #beautyaddict,"719903734705319936",https://twitter.com/AerangisNY/status/719903734705319936
,2016-04-12 07:59,0,0,"New #beautyobsession : #glossier #lipstick and #balmdotcom !! #generationg #beautyaddict @New… https://www. instagram.com/p/BEGrsVzi0VP/",,@New,#beautyobsession #glossier #lipstick #balmdotcom #generationg #beautyaddict,"719902672158007296",https://twitter.com/Populayer/status/719902672158007296
,2016-04-11 08:01,0,0,"my glossier!! Thank you!! #obsessed with all of it especially #BoyBrow & #balmdotcom … https://www. instagram.com/p/BEEHL2WrnM2/",,,#obsessed #BoyBrow #balmdotcom,"719540909004742656",https://twitter.com/ColleenRunne/status/719540909004742656
,2016-04-08 20:46,0,0,"@alliemax84 yep recommend @glossier #balmdotcom #generationG lip & priming moisturizer (just wish it had physical SPF)",,@alliemax84 @glossier,#balmdotcom #generationG,"718646253458853888",https://twitter.com/hipstress/status/718646253458853888
,2016-03-23 18:40,0,0,"Some well loved and some new #glossier #balmdotcom #milkyjellycleanser #primingmoisturizer … https://www. instagram.com/p/BDUVOBUAaFj/",,,#glossier #balmdotcom #milkyjellycleanser #primingmoisturizer,"712816367809011712",https://twitter.com/ShannonCrosby7/status/712816367809011712
,2016-03-20 07:58,0,1,"Balmdotcom is truly a godsend after a night of ultra matte lipstick @glossier my lips thank you! #glossier #balmdotcom",,@glossier,#glossier #balmdotcom,"711567664158736384",https://twitter.com/The0ptimist/status/711567664158736384
,2016-03-18 20:34,0,1,"Just made my first @glossier purchase! @EmilyWWeiss @IntoTheGloss #balmdotcom #stretchconcealer #primingmoisturizer #phase2",,@glossier @EmilyWWeiss @IntoTheGloss,#balmdotcom #stretchconcealer #primingmoisturizer #phase2,"711033019843219456",https://twitter.com/hipstress/status/711033019843219456
,2016-03-18 16:42,0,3,"20% Off of your entire purchase at #glossier http:// bff.glossier.com/dpHjD #discount #phase2 #balmdotcom #pampering #skincare #makeup",,,#glossier #discount #phase2 #balmdotcom #pampering #skincare #makeup,"710974657160056832",https://twitter.com/Aly_Nycole/status/710974657160056832
,2016-03-17 17:08,0,1,"Glossy-yay. @glossier #glossier #phase2 #boybrow #generationg #stretchconcealer #balmdotcom #milkyjelly #goodmailday pic.twitter.com/EDCkD15gvL",,@glossier,#glossier #phase2 #boybrow #generationg #stretchconcealer #balmdotcom #milkyjelly #goodmailday,"710618944349016065",https://twitter.com/SugarSocial/status/710618944349016065
,2016-03-16 09:17,0,0,"After our @thebalm training; it was #balmdotcom #makeup #makeupjunkie #makeupenthusiast … https://www. instagram.com/p/BDBTKFxm63P/",,@thebalm,#balmdotcom #makeup #makeupjunkie #makeupenthusiast,"710137827191889920",https://twitter.com/SoniiLashes_MUA/status/710137827191889920
,2016-03-04 15:01,0,0,"Oh so feminine #glossierpink #balmdotcom #glossier https://www. instagram.com/p/BCjH3dJFwcP/",,,#glossierpink #balmdotcom #glossier,"705890880884838400",https://twitter.com/thetrendcourt/status/705890880884838400
,2016-02-26 16:03,0,0,"@glossier Could there be a tinted #BalmDotCom in our future??? #goals #wishlist #liplove #totallynecessary",,@glossier,#BalmDotCom #goals #wishlist #liplove #totallynecessary,"703369870591827971",https://twitter.com/ibeautybuzz/status/703369870591827971
,2016-02-25 10:35,0,0,"Positive vibes for my cuticles. @glossier #glossier #balmdotcom #be0ptimistic 20% off use: http:// bff.glossier.com/dztdx pic.twitter.com/0RkeooSZOC",,@glossier,#glossier #balmdotcom #be0ptimistic,"702924835018706945",https://twitter.com/The0ptimist/status/702924835018706945
,2016-02-25 09:43,0,0,"Hey @glossier ; anywhere in NYC I can buy your products right now? #desperate #balmdotcom",,@glossier,#desperate #balmdotcom,"702911756566269952",https://twitter.com/AnnaKupi/status/702911756566269952
,2016-02-22 10:54,0,0,"#glossier #glossierpink #balmdotcom #crueltyfree #bblogger #bbloggers #pink #instabeauty https://www. instagram.com/p/BCGW46pSlaI/",,,#glossier #glossierpink #balmdotcom #crueltyfree #bblogger #bbloggers #pink #instabeauty,"701842517172551680",https://twitter.com/everythingcaila/status/701842517172551680
,2016-02-11 06:43,0,0,"Get me through this winter #balmdotcom #glossier https://www. instagram.com/p/BBplb1ODypW/",,,#balmdotcom #glossier,"697793127961067520",https://twitter.com/nicjanisch/status/697793127961067520
,2016-02-11 05:28,0,1,"The Balm dotcom is the .com (And these lipsticks too ) #glossier #balmdotcom #jouviance … https://www. instagram.com/p/BBpc0dBmmcC/",,,#glossier #balmdotcom #jouviance,"697774172714508289",https://twitter.com/I_Am_Sandrine/status/697774172714508289
,2016-02-02 06:20,0,1,"@glossier Is this where I beg you to please never stop making your products? Just got my phase set and am #obsessed #balmdotcom",,@glossier,#obsessed #balmdotcom,"694525849861775364",https://twitter.com/LisaMDick/status/694525849861775364
,2016-02-01 07:27,0,0,"remember when we raved about @glossier 's #BalmDotCom last week? well they're offering a special 3-pack & believe me you'll want 3 of them.",,@glossier,#BalmDotCom,"694180267704107010",https://twitter.com/TandHblog/status/694180267704107010
,2016-01-26 06:16,0,1,"All is right in the world. @glossier #glossier #balmdotcom #coconutsforyou pic.twitter.com/Tqb7qN7KpQ",,@glossier,#glossier #balmdotcom #coconutsforyou,"691987957868269569",https://twitter.com/keisharosegold/status/691987957868269569
,2016-01-25 08:15,0,1,"Check out this @Glossier #BalmDotCom Review: http:// grtstyl.us/1EJ7wV1",,@Glossier,#BalmDotCom,"691655700745961473",https://twitter.com/gritstyle/status/691655700745961473
,2016-01-22 11:36,0,6,"When your @glossier package arrives... #glossier #beauty #skincare #balmdotcom #skinisin #bblogger #fblogger #landl pic.twitter.com/v8Movigzuc",,@glossier,#glossier #beauty #skincare #balmdotcom #skinisin #bblogger #fblogger #landl,"690619119759179776",https://twitter.com/labels_lacquer/status/690619119759179776
,2016-01-17 14:31,0,3,"Add @glossier 's #balmdotcom + @josie_maran 's OG #arganoil + you're set. #BeautyTip #products #beautyblogger https:// twitter.com/britishvogue/s tatus/688849535402020865 …",,@glossier @josie_maran,#balmdotcom #arganoil #BeautyTip #products #beautyblogger,"688851168030658560",https://twitter.com/4725magazine/status/688851168030658560
,2016-01-16 13:53,0,0,"#glossier #phase1 #milkjellycleanser #balmdotcom #perfectingskintint #primingmoisturizer @Glossier https://www. instagram.com/p/BAnZ6vbmmCy/",,@Glossier,#glossier #phase1 #milkjellycleanser #balmdotcom #perfectingskintint #primingmoisturizer,"688479123094790144",https://twitter.com/missmagen23/status/688479123094790144
,2015-12-22 00:00,0,1,"Check out my review of #balmdotcom by glossier along with several other great #beauty finds; out… https://www. instagram.com/p/_livWorObB/",,,#balmdotcom #beauty,"679209842658172928",https://twitter.com/ashleybesslane/status/679209842658172928
,2015-12-20 04:32,0,0,"SEE ME RUSH THROUGH http:// lstyler.com/post/9295/SEE_ ME_RUSH_THROUGH … #ddtv #balmdotcom #chanel_compact #chanel_make_up #deep_sea_magik #get",,,#ddtv #balmdotcom #chanel_compact #chanel_make_up #deep_sea_magik #get,"678553679616716801",https://twitter.com/LStylerCom/status/678553679616716801
,2015-12-09 05:20,0,0,"which is the best natural lip balm? #LipBalm #natural #balmdotcom @eos @BurtsBees @DrBronner @NUXE watch https://www. youtube.com/watch?v=SctNqG xoReU …",,@eos @BurtsBees @DrBronner @NUXE,#LipBalm #natural #balmdotcom,"674579357852172288",https://twitter.com/TinaNate/status/674579357852172288
,2015-12-04 07:00,0,0,"The @glossier meetup with @emilywweiss was the #balmdotcom . Read all about it http: http:// aphrokiki.com/blog/2015/12/1 /glossier-weiss-mask-duo-set?utm_campaign=coschedule&utm_source=twitter&utm_medium=aphrokiki … pic.twitter.com/iXXe11M7Ud",,@glossier @emilywweiss,#balmdotcom,"672792579675709440",https://twitter.com/aphrokiki/status/672792579675709440
,2015-11-27 14:20,0,1,"Tested out #glossier Perfecting Skin Tint in Medium + #BalmDotCom - Review: http:// ow.ly/V2uk5 #bblogger pic.twitter.com/hzGUE3nHzR",,,#glossier #BalmDotCom #bblogger,"670366730649247744",https://twitter.com/Steff_Entralgo/status/670366730649247744
,2015-11-23 18:11,0,0,"@glossier loving my new #boybrow and #balmdotcom but my primer sample was missing! pic.twitter.com/hoVyAA2fO5",,@glossier,#boybrow #balmdotcom,"668975274600493057",https://twitter.com/rowsnylund/status/668975274600493057
,2015-11-08 13:42,0,1,"I Swear Once You Use #BalmDotCom By @glossier ; You'll Never Go Back. Especially In The Winter Time. Nothing Rescues My Lips Better.",,@glossier,#BalmDotCom,"663471584208928768",https://twitter.com/RagDollEyez/status/663471584208928768
,2015-10-28 18:33,0,3,"Shop @glossier and receive 20% off your purchase. #boybrow #balmdotcom http:// bit.ly/1LjAWJB pic.twitter.com/7QOUMZ7Gnt",,@glossier,#boybrow #balmdotcom,"659543499209994240",https://twitter.com/LawnParty/status/659543499209994240
,2015-10-25 16:11,0,0,"Fall on-the-go essentials: glossier #balmdotcom and #soothingfacemist (post up on the blog) @New… https:// instagram.com/p/9R03EFGIqd/",,@New,#balmdotcom #soothingfacemist,"658420541766922240",https://twitter.com/thevanitychat/status/658420541766922240
,2015-10-19 06:25,0,0,"(im)patiently waiting for @glossier to ship to Canada. #balmdotcom #boybrow",,@glossier,#balmdotcom #boybrow,"656098931387011072",https://twitter.com/noramacintosh/status/656098931387011072
,2015-10-04 13:30,0,0,"old new #glossier #lamodedujour #balmdotcom https:// instagram.com/p/8bd0peLWyR/",,,#glossier #lamodedujour #balmdotcom,"650770057392472064",https://twitter.com/gabszilla/status/650770057392472064
,2015-09-28 07:31,0,0,"Fall is here! I miss @glossier summer Fridays! But I still love coconut #balmdotcom ! #Fabulousforeverblog #bbloggers http:// bit.ly/1FD8Sn8",,@glossier,#balmdotcom #Fabulousforeverblog #bbloggers,"648505238584983553",https://twitter.com/clobuono/status/648505238584983553
,2015-09-27 16:53,0,2,"great meeting you today @EmilyWWeiss ! thanks for saying hello & for the @glossier #balmdotcom ! #everydaymadewell",,@EmilyWWeiss @glossier,#balmdotcom #everydaymadewell,"648284418507960320",https://twitter.com/emoleechen/status/648284418507960320
,2015-09-25 11:31,0,0,"It's #whatiwant Friday! Loving @glossier #balmdotcom http:// ow.ly/SgttX",,@glossier,#whatiwant #balmdotcom,"647478664557367297",https://twitter.com/ScoutStudiosOKC/status/647478664557367297
,2015-09-24 00:17,0,0,"x 1;000;000 : glossier now available globally; thanks to netaporter. | #balmdotcom https:// instagram.com/p/8ATF-dqzGV/",,,#balmdotcom,"646946573000265729",https://twitter.com/LauraEGabriele/status/646946573000265729
,2015-09-12 05:36,0,0,"This glossier #balmdotcom is amazing! Like this pic to but#y in the UK. Also I've done a tour of my… https:// instagram.com/p/7h-CCZQxF_/",,,#balmdotcom #y,"642678111092539392",https://twitter.com/shereemilli/status/642678111092539392
,2015-09-11 14:24,0,0,"Got another tube; showing love to my cuticles lol hi glossier #glossier #balmdotcom … https:// instagram.com/p/7gVsbGSCLr/",,,#glossier #balmdotcom,"642448668193374208",https://twitter.com/RealKath_JL/status/642448668193374208
,2015-09-09 23:51,0,0,"Finally glossier #balmdotcom -one of my favourite lips balms ever- bas landed Down Under with thanks… https:// instagram.com/p/7cNCtXEAyo/",,,#balmdotcom,"641866693946511360",https://twitter.com/MrMaxMay/status/641866693946511360
,2015-09-06 06:01,0,1,"Beauty alert: @glossier #balmdotcom comes to town from Wednesday @NETAPORTER #beautynews @TheSTStyle pic.twitter.com/uO3hLV9ISu",,@glossier @NETAPORTER @TheSTStyle,#balmdotcom #beautynews,"640510163808571392",https://twitter.com/edingschambers/status/640510163808571392
,2015-09-02 13:46,1,1,"@TamiraJarrel thank you for the @glossier promo code! #balmdotcom",,@TamiraJarrel @glossier,#balmdotcom,"639177575042945024",https://twitter.com/JennyEarnest/status/639177575042945024
,2015-08-24 13:15,0,0,"Need this @glossier balm in my life!! http:// ow.ly/RirI1 #glossier #balmdotcom pic.twitter.com/htnQPszRiB",,@glossier,#glossier #balmdotcom,"635908326962933760",https://twitter.com/crendelacren/status/635908326962933760
,2015-08-18 05:41,0,0,"Only bought this #glossier coconut #balmdotcom last Friday but already used like half the tube.… https:// instagram.com/p/6hmv0AN21b/",,,#glossier #balmdotcom,"633619706268766208",https://twitter.com/wearetwoeggs/status/633619706268766208
,2015-08-13 13:28,1,0,"#glossier #coconut #balmdotcom #realness #bbloggers #malebloggers #inhautepursuit @Playa Marbella https:// instagram.com/p/6VkRY_haau/",,@Playa,#glossier #coconut #balmdotcom #realness #bbloggers #malebloggers #inhautepursuit,"631925415578337280",https://twitter.com/omgbart/status/631925415578337280
,2015-08-05 16:32,0,0,"Like a tropical vacation in my backyard via FedEx. #glossier #coconutbalmdotcom #balmdotcom … https:// instagram.com/p/6BS3z0Mpvq/",,,#glossier #coconutbalmdotcom #balmdotcom,"629072411413983232",https://twitter.com/mychelle3/status/629072411413983232
,2015-07-30 12:52,0,0,"@glossier thank you for my #balmdotcom ! Love it! See you tomorrow @the #penthouse . #intothegloss #glossier #summerfridays",,@glossier @the,#balmdotcom #penthouse #intothegloss #glossier #summerfridays,"626842843315875841",https://twitter.com/sscari/status/626842843315875841
,2015-07-11 08:43,0,0,"Glossier Balm Dotcom. glossier #lipbalm #balmdotcom #coconutlipbalm #damselflavored #beautybloggers … https:// instagram.com/p/5AFa6BCaeq/",,,#lipbalm #balmdotcom #coconutlipbalm #damselflavored #beautybloggers,"619894898771234816",https://twitter.com/gtk77/status/619894898771234816
,2015-07-07 16:35,0,0,"I think I have a problem #glossier #balmdotcom #coconut #summer #beautyaddict https:// instagram.com/p/42oL4_tEtM/",,,#glossier #balmdotcom #coconut #summer #beautyaddict,"618563959092834304",https://twitter.com/miz_riz_/status/618563959092834304
,2015-07-06 07:04,0,0,"Monday just got #glossier ! #balmdotcom #obsessed #smellslikevacation #beachy #vibes at the #office https:// instagram.com/p/4zCF9thZhn/",,,#glossier #balmdotcom #obsessed #smellslikevacation #beachy #vibes #office,"618057980303568900",https://twitter.com/bklyn_girl1024/status/618057980303568900
,2015-06-25 18:45,0,0,"I've waited for this moment for so long lol glossier #beauty #glossier #cosmetics #balmdotcom https:// instagram.com/p/4X9iXPyCG6/",,,#beauty #glossier #cosmetics #balmdotcom,"614248050136100864",https://twitter.com/RealKath_JL/status/614248050136100864
,2015-06-19 21:38,0,0,"Free Coconut BalmDotCom!! http:// smellslikevacation.glossier.com/408f0a62 #freebie #lippies #glossier #balmdotcom",,,#freebie #lippies #glossier #balmdotcom,"612117314134093825",https://twitter.com/DeniseLWynne/status/612117314134093825
,2015-06-16 11:47,0,0,"#glossier #coconutbalm #facial #freefacestuff #makeup #balmdotcom http:// smellslikevacation.glossier.com/2cfbea92",,,#glossier #coconutbalm #facial #freefacestuff #makeup #balmdotcom,"610881406391205889",https://twitter.com/michellehwkim/status/610881406391205889
,2015-06-16 11:00,0,0,"@glossier I'm loving all things BALMY today and can't wait for my Coconut Balm Dotcom http://www. fromkateschultz.com/2015/06/the-ba lm-dotcom.html … #balmdotcom",,@glossier,#balmdotcom,"610869529758072833",https://twitter.com/kateeeschultz/status/610869529758072833
,2015-06-15 18:40,0,0,"*Click* for @Glossier #balmdotcom giveaway! --> http:// smellslikevacation.glossier.com/4bcc07d3 http:// bit.ly/1BenYh2",,@Glossier,#balmdotcom,"610622852920807424",https://twitter.com/DCArtsBlog/status/610622852920807424
,2015-06-15 18:11,0,0,"So glossy. #glossier #balmdotcom http:// smellslikevacation.glossier.com/b3028968",,,#glossier #balmdotcom,"610615613333991425",https://twitter.com/ashleighnperrin/status/610615613333991425
,2015-06-15 15:01,0,0,"Squeee @glossier giveaway! @IntoTheGloss =my fav beauty blog--can't wait to try #balmdotcom ! http:// smellslikevacation.glossier.com/4bcc07d3 http:// bit.ly/1BenYh2",,@glossier @IntoTheGloss,#balmdotcom,"610567952023310336",https://twitter.com/DCArtsBlog/status/610567952023310336
,2015-06-15 13:27,0,1,"I use @glossier #balmdotcom on a spoolie to set my brows and on a cotton bud to smudge my eyeliner for an ultra grungy look #holygrailstatus",,@glossier,#balmdotcom #holygrailstatus,"610544126434615296",https://twitter.com/wild4wilde/status/610544126434615296
,2015-06-11 11:36,0,0,"#Addicted to @glossier skin salve! Used #balmdotcom all this year; a total must have. #skincare #skin #beauty pic.twitter.com/z01pqsz8i4",,@glossier,#Addicted #balmdotcom #skincare #skin #beauty,"609066600168194048",https://twitter.com/the2ndoffice/status/609066600168194048
,2015-06-07 06:28,0,1,"@kmacdon3 !! WHOA NELLY !! #BalmDotCom #PuckerUp #wteNotChapped #LipItGood",,@kmacdon3,#BalmDotCom #PuckerUp #wteNotChapped #LipItGood,"607539581026594817",https://twitter.com/msandreak/status/607539581026594817
,2015-06-02 07:20,0,0,"Seriously some of my favorite things for my morning routine! glossier is amazing!! #balmdotcom #glossier https:// instagram.com/p/3bg1MIK-hr/",,,#balmdotcom #glossier,"605740675137695744",https://twitter.com/Lyss_Moore/status/605740675137695744
,2015-05-29 16:34,0,0,"glossier @emilywweiss #StickerFest #FunInABox sums up how I'm feelin 'bout this box of #BalmDotCom … https:// instagram.com/p/3SNH-WrBt8/",,@emilywweiss,#StickerFest #FunInABox #BalmDotCom,"604430702579466240",https://twitter.com/gazamanicure/status/604430702579466240
,2015-05-29 08:05,0,0,"#LookOutWeekend #CauseHereICome #BecauseWeekends #WereMadeForFun glossier #glossier #BalmDotCom @patios https:// instagram.com/p/3RS5KrLBoV/",,@patios,#LookOutWeekend #CauseHereICome #BecauseWeekends #WereMadeForFun #glossier #BalmDotCom,"604302650574774273",https://twitter.com/gazamanicure/status/604302650574774273
,2015-05-26 17:39,0,0,"New balm love. #balmdotcom pic.twitter.com/qDkB2FSrzr",,,#balmdotcom,"603359855768784897",https://twitter.com/iammicapots/status/603359855768784897
,2015-05-17 07:55,0,1,"So excited to get my #Balmdotcom from @glossier my lipbalm obsession is real; so hopefully this stufff is good!",,@glossier,#Balmdotcom,"599951352840622081",https://twitter.com/michaeelarose/status/599951352840622081
,2015-04-23 12:59,0,2,"@glossier @rackedny @elizabetdonovan @MadeleineChgo And your prayers were answered. #BalmDotCom #LipBalm",,@glossier @rackedny @elizabetdonovan @MadeleineChgo,#BalmDotCom #LipBalm,"591330666446397440",https://twitter.com/TheCubanPanda/status/591330666446397440
,2015-04-21 12:14,0,0,"Super excited to try some new goodies from #glossier #primingmoisturizer #balmdotcom and adding them… https:// instagram.com/p/1v5HJlOHpo/",,,#glossier #primingmoisturizer #balmdotcom,"590594419491008512",https://twitter.com/AleksAmbrozy/status/590594419491008512
,2015-04-20 07:16,0,0,"@glossier skincare goodies have become my latest obsession; especially #balmdotcom . I keep 1 bedside and 1 in my bag pic.twitter.com/KhTfq8VRl0",,@glossier,#balmdotcom,"590157171901521920",https://twitter.com/TheIMakeupMaven/status/590157171901521920
,2015-04-12 11:52,0,0,"@glossier dying to try the #Balmdotcom ! Please ship to Canada! #helpacanadiangirlout",,@glossier,#Balmdotcom #helpacanadiangirlout,"587327525635944450",https://twitter.com/librariankris/status/587327525635944450
,2015-04-02 12:05,0,1,"Excited to try my new @glossier products! Love the stickers! #balmdotcom #soothingfacemist #primingmoisturuzer pic.twitter.com/YpJbTgGaiB",,@glossier,#balmdotcom #soothingfacemist #primingmoisturuzer,"583706758146686976",https://twitter.com/melonsgmz/status/583706758146686976
,2015-03-27 12:45,0,1,"human tested and pug approved glossier #balmdotcom works great in dry pug noses... And everything… https:// instagram.com/p/0vk0Q-LhRB/",,,#balmdotcom,"581542591793086465",https://twitter.com/LoAndChlo/status/581542591793086465
,2015-03-23 07:25,0,2,"Already addicted to my new @glossier products I snagged @createcultivate this weekend! So good!!! Must try masks next! #balmdotcom",,@glossier @createcultivate,#balmdotcom,"580012586910892032",https://twitter.com/LindsayLuv/status/580012586910892032
,2015-03-13 07:30,0,0,"So excited to try out our new #balmDotcom from glossier Thank you @phoebelovatt and @anniek for… https:// instagram.com/p/0K9rahnTYk/",,@phoebelovatt @anniek,#balmDotcom,"576389974393782272",https://twitter.com/eitherandstudio/status/576389974393782272
,2015-03-13 07:28,0,0,"So excited to try out our new #balmDotcom from glossier Thank you @phoebelovatt and @anniek for… https:// instagram.com/p/0K9akLnTYL/",,@phoebelovatt @anniek,#balmDotcom,"576389396447952896",https://twitter.com/eitherandstudio/status/576389396447952896
,2015-03-12 21:17,0,0,"#love #glossier #balmdotcom https:// instagram.com/p/0J3eH6xQtO/",,,#love #glossier #balmdotcom,"576235585490255872",https://twitter.com/cmaegibson/status/576235585490255872
,2015-03-12 07:34,1,4,"All hail @glossier #balmdotcom for saving my hands when it goes from 61 to 23 degrees in 12 hours. You girls are geniuses.",,@glossier,#balmdotcom,"576028500215238657",https://twitter.com/relevancereport/status/576028500215238657
,2015-03-09 15:10,1,2,"Dry skin ain’t cute or comfortable; right @gritstyle gals? So glad @glossier offers a cure with #Balmdotcom http:// ow.ly/3xtx8Z",,@gritstyle @glossier,#Balmdotcom,"575056109695860736",https://twitter.com/LaurenFriezo/status/575056109695860736
,2015-02-25 19:53,0,0,"Late night lip therapy #TomFord lip shine in ravenous x #Glossier #Balmdotcom https:// instagram.com/p/zjM0lEDGCB/",,,#TomFord #Glossier #Balmdotcom,"570793775062224896",https://twitter.com/ClaireMykrantz/status/570793775062224896
,2015-02-23 07:43,1,2,"Happy cuticles; Happy Monday! #glossier #officespace #balmdotcom pic.twitter.com/v4QhYTuFvj",,,#glossier #officespace #balmdotcom,"569885160503693313",https://twitter.com/bklyn_girl1024/status/569885160503693313
,2015-01-31 14:03,4,13,"#glossier #balmdotcom pic.twitter.com/Q5HA5p8z0j",,,#glossier #balmdotcom,"561645912380809216",https://twitter.com/alyssaneilson/status/561645912380809216
,2015-01-29 05:49,0,0,"any other name would just be inappropriate for @glossier 's #balmdotcom http:// diamonds-for-breakfast.blogspot.com/2015/01/the-ba lm-dotcom.html … #beautyblogger #lipbalmaddict",,@glossier,#balmdotcom #beautyblogger #lipbalmaddict,"560796810722414592",https://twitter.com/rcadamiyatt/status/560796810722414592
,2015-01-28 18:52,0,0,"Thoughts on @glossier 's #balmdotcom on the blog tomorrow. http:// diamonds-for-breakfast.blogspot.com /",,@glossier,#balmdotcom,"560631641811718144",https://twitter.com/rcadamiyatt/status/560631641811718144
,2015-01-23 16:54,2,8,"Is it weird that the only thing I want to do at #sundance is give @JamesFrancoTV a @glossier #BalmDotcom & lighter? #FindingJamesFranco",,@JamesFrancoTV @glossier,#sundance #BalmDotcom #FindingJamesFranco,"558789909809356802",https://twitter.com/EmilyWWeiss/status/558789909809356802
,2015-01-15 14:47,0,0,"Bare necessities #balmdotcom glossier needsupplyco quitterie http:// instagram.com/p/x5FPgvM-Ff/",,,#balmdotcom,"555858935224487936",https://twitter.com/skinnyundrgd/status/555858935224487936
,2015-01-15 04:03,1,3,"My Freezing NYC Morning Essentials glossier #phase1set with my fave #BalmDotCom and @ryanrocheny … http:// instagram.com/p/x37gvDEcDt/",,@ryanrocheny,#phase1set #BalmDotCom,"555696798476804097",https://twitter.com/JFisherJewelry/status/555696798476804097
,2015-01-14 12:33,0,0,"Today my hands thank glossier #balmdotcom #winter #skinsalve #glossier http:// instagram.com/p/x2RHgOlePq/",,,#balmdotcom #winter #skinsalve #glossier,"555462835338096640",https://twitter.com/jennamenard/status/555462835338096640
,2015-01-12 13:14,1,0,"Just made my first @glossier purchase! #BalmDotCom here we go! #Skincare",,@glossier,#BalmDotCom #Skincare,"554748167254966273",https://twitter.com/LSIASB/status/554748167254966273
,2015-01-12 05:14,0,0,"How our skin survived winter without #balmdotcom ; we'll never know. Thanks glossier #glossier … http:// instagram.com/p/xwVPNWs-OW/",,,#balmdotcom #glossier,"554627471262625792",https://twitter.com/skinnyundrgd/status/554627471262625792
,2015-01-12 05:08,0,1,"How my skin and I survived winter without #balmdotcom ; I'll never know. Thanks glossier #glossier … http:// instagram.com/p/xwUnDTM-NU/",,,#balmdotcom #glossier,"554626091525345281",https://twitter.com/skinnyundrgd/status/554626091525345281
,2015-01-08 15:59,0,0,"So happy to receive my @glossier package today 1 day before vacation #phase1 #balmdotcom",,@glossier,#phase1 #balmdotcom,"553340312140402688",https://twitter.com/leni527/status/553340312140402688
,2015-01-07 15:50,2,2,"@IntoTheGloss @glossier is the bomb dot com #glossier #balmdotcom pic.twitter.com/PotXeic2aM",,@IntoTheGloss @glossier,#glossier #balmdotcom,"552975493495291904",https://twitter.com/wildhumm/status/552975493495291904
,2015-01-02 05:30,0,0,"Photo: ESSENTIAL FOR LIFE @glossier #VSCOcam #glossier #glossierinHongKong #balmdotcom #intothegloss ... http:// tmblr.co/Zm3hSy1ZZqYfI",,@glossier,#VSCOcam #glossier #glossierinHongKong #balmdotcom #intothegloss,"551007690903023616",https://twitter.com/SUPERWOWOMG/status/551007690903023616
,2014-12-28 03:49,0,0,"Workin It wat the Team at Cool New Beauty Brand Glossier Wears 2 Work #BalmDotcom #beautyproducts #EmilyWeiss http:// j.mp/1vk13ac",,,#BalmDotcom #beautyproducts #EmilyWeiss,"549170194535284737",https://twitter.com/Gangsta_Gossip/status/549170194535284737
,2014-12-28 02:32,0,0,"Workin It wat the Team at Cool New Beauty Brand Glossier Wears 2 Work #BalmDotcom #beautyproducts #EmilyWeiss http:// j.mp/1xrLaGb",,,#BalmDotcom #beautyproducts #EmilyWeiss,"549150847909625856",https://twitter.com/Gangsta_Gossip/status/549150847909625856
,2014-12-28 02:32,0,0,"Workin It wat the Team at Cool New Beauty Brand Glossier Wears 2 Work #BalmDotcom #beautyproducts #EmilyWeiss http:// j.mp/1HRFC7e",,,#BalmDotcom #beautyproducts #EmilyWeiss,"549150779454390273",https://twitter.com/Gangsta_Gossip/status/549150779454390273
,2014-12-28 02:31,0,0,"Workin It wat the Team at Cool New Beauty Brand Glossier Wears 2 Work #BalmDotcom #beautyproducts #EmilyWeiss http:// j.mp/1vjTTTn",,,#BalmDotcom #beautyproducts #EmilyWeiss,"549150725842800640",https://twitter.com/Gangsta_Gossip/status/549150725842800640
,2014-12-27 12:40,0,0,"Workin It wat the Team at Cool New Beauty Brand Glossier Wears 2 Work #BalmDotcom #beautyproducts #EmilyWeiss http:// j.mp/1H5qkND",,,#BalmDotcom #beautyproducts #EmilyWeiss,"548941496552927232",https://twitter.com/RedneckRag/status/548941496552927232
,2014-12-23 16:46,0,0,"Workin It wat the Team at Cool New Beauty Brand Glossier Wears 2 Work #BalmDotcom #BeautyProducts #EmilyWeiss http:// j.mp/13XvFJ2",,,#BalmDotcom #BeautyProducts #EmilyWeiss,"547553748210290688",https://twitter.com/Gossip_Central_/status/547553748210290688
,2014-12-23 13:37,0,0,"Workin It wat the Team at Cool New Beauty Brand Glossier Wear 2 Work #BalmDotcom #beautyproducts #EmilyWeiss http:// j.mp/1vaqz1q",,,#BalmDotcom #beautyproducts #EmilyWeiss,"547506374708432898",https://twitter.com/RedneckRag/status/547506374708432898
,2014-12-10 17:24,0,0,"First real snow in NYC and I couldn't have asked for a better gift! glossier #balmdotcom http:// instagram.com/p/wcQwsnJfvl/",,,#balmdotcom,"542852490153451520",https://twitter.com/Meagan_VO/status/542852490153451520
,2014-12-10 17:21,0,3,"First real snow in NYC and I couldn't have asked for a better gift! glossier #balmdotcom http:// instagram.com/p/wcQwsnJfvl/",,,#balmdotcom,"542851671391756288",https://twitter.com/Meagan_V_O/status/542851671391756288
,2014-12-10 13:39,0,0,"First real snow in NYC and I couldn't have asked for a better gift! glossier #balmdotcom http:// instagram.com/p/wcQwsnJfvl/",,,#balmdotcom,"542795678615752704",https://twitter.com/Meagan_V_O/status/542795678615752704
,2014-12-02 14:05,0,0,"today's cold weather & dry skin must-have // glossier #balmdotcom http:// instagram.com/p/wHtXH0ykfF/",,,#balmdotcom,"539903084185411584",https://twitter.com/athleisurely/status/539903084185411584
,2014-12-01 12:38,6,6,"Triple Layer Tinted Lip Balm MK@Play #DiscoverWhatYouLove #BalmDotCom pic.twitter.com/ZjyW5eYMwr",,@Play,#DiscoverWhatYouLove #BalmDotCom,"539519006492086273",https://twitter.com/makebalj/status/539519006492086273
,2014-11-21 11:05,0,1,"@BeautyHigh We've been obsessively applying @glossier 's #BalmDotCom ; it's a universal skin salve so great for everything! #BeautyChat",,@BeautyHigh @glossier,#BalmDotCom #BeautyChat,"535871553871691777",https://twitter.com/beachhousepr/status/535871553871691777
,2014-11-18 16:04,0,0,"This #balmdotcom is seriously the . I used it today to help fiancé clear 8" of snow; then took a… http:// instagram.com/p/vj35mrDvsZ/",,,#balmdotcom,"534859709422260225",https://twitter.com/MaulinPont/status/534859709422260225
,2014-11-17 07:44,0,3,"Congrats to @glossier on the recent fundraising of $8.4M led by @ThriveCapital http:// techcrunch.com/2014/11/17/glo ssier/ … #balmdotcom cc @rbeccazhou",,@glossier @ThriveCapital @rbeccazhou,#balmdotcom,"534371475541987328",https://twitter.com/camillezig/status/534371475541987328
,2014-11-15 10:56,0,2,"#regram @evachen212 who's "already addicted" to #glossier #balmdotcom . Are you?! #itgtopshelfie http:// instagram.com/p/vbmVLivyU3/",,@evachen212,#regram #glossier #balmdotcom #itgtopshelfie,"533695173977726977",https://twitter.com/EmilyWWeiss/status/533695173977726977
,2014-11-11 16:24,0,3,"Our new favorite product. #BalmDotCom Thanks; @glossier for letting us try it! pic.twitter.com/fw06nLzFOz",,@glossier,#BalmDotCom,"532328007721959426",https://twitter.com/standardhwood/status/532328007721959426
,2014-11-10 03:01,0,0,"Reviews: Testing Glossier; Into the Gloss's ... #BalmDotcom #PerfectingSkinTint #PrimingMoisturizer #SkinTint http:// j.mp/1zwJKKd",,,#BalmDotcom #PerfectingSkinTint #PrimingMoisturizer #SkinTint,"531763660788494336",https://twitter.com/RedneckRag/status/531763660788494336
,2014-11-08 18:49,1,2,""You got a package; I think it's makeup." "It's not makeup; it's @glossier !!!" #Balmdotcom #glossier",,@glossier,#Balmdotcom #glossier,"531277492401602560",https://twitter.com/earltheflamingo/status/531277492401602560
,2014-11-07 13:33,0,0,"We'll be seeing @HurrawBalm at the #AhoooyLadies #dodgeball tourney. How about u? http:// goo.gl/ajsJpw #balmdotcom pic.twitter.com/ge8ICGCzNw",,@HurrawBalm,#AhoooyLadies #dodgeball #balmdotcom,"530835520507879426",https://twitter.com/theeryc/status/530835520507879426
,2014-11-06 20:13,0,1,"@glossier so happy with my Skin Tint and #balmdotcom thanks for my fresh faced look now @IntoTheGloss #glossier",,@glossier @IntoTheGloss,#balmdotcom #glossier,"530573814040920064",https://twitter.com/curiouscatwalk/status/530573814040920064
,2014-11-06 14:26,0,0,"Yay! glossier #intothegloss #beauty #addicted #balmdotcom #socute #phase1set @emilywweiss … http:// instagram.com/p/vEzM-4hZpf/",,@emilywweiss,#intothegloss #beauty #addicted #balmdotcom #socute #phase1set,"530486517878489089",https://twitter.com/bklyn_girl1024/status/530486517878489089
,2014-11-05 13:09,0,0,"Reviews Testin Glossier Into the Glosss Slam-Dunk New Beauty Line #BalmDotcom #PerfectingSkinTint #SkinTint http:// j.mp/1uwRj24",,,#BalmDotcom #PerfectingSkinTint #SkinTint,"530104643372597249",https://twitter.com/RedneckRag/status/530104643372597249
,2014-10-29 14:17,1,2,"Got my @glossier #balmdotcom and I'm kind of already obsessed. #glossier #beauty #passthehappy http:// instagram.com/p/uwE7hqLsl2/",,@glossier,#balmdotcom #glossier #beauty #passthehappy,"527570013071630338",https://twitter.com/LindsayTigar/status/527570013071630338
,2014-10-27 11:19,0,0,"Thank you @intothegloss ; Just experienced the gloss phase 1! Your #balmdotcom is da… http:// instagram.com/p/uqm71xzG1g/",,@intothegloss,#balmdotcom,"526800365501841408",https://twitter.com/Ekuapm/status/526800365501841408
,2014-10-26 17:23,0,1,"@emilywweiss my fiancé says you are right; guys love the balm! #balmdotcom @glossier http:// instagram.com/p/uor0R-Dvod/",,@emilywweiss @glossier,#balmdotcom,"526529625993019392",https://twitter.com/MaulinPont/status/526529625993019392
,2014-10-24 19:30,0,0,"Crystals check candles check #balmdotcom #regram @mari_mazz http:// instagram.com/p/ujwuz-PyeF/",,@mari_mazz,#balmdotcom #regram,"525836746051702785",https://twitter.com/glossier/status/525836746051702785
,2014-10-17 15:42,0,3,"Put that @glossier #balmdotcom on this morning and it is *still* going strong. cc: @desireemrtnz",,@glossier @desireemrtnz,#balmdotcom,"523242757251670017",https://twitter.com/hannahmaetion/status/523242757251670017
,2014-10-17 12:26,0,1,"Photo: Had a lightning fast trip to the @glossier pop up for @rachie_claire the #balmdotcom is actually... http:// tmblr.co/Zqz_3y1TNucMu",,@glossier @rachie_claire,#balmdotcom,"523193252032561152",https://twitter.com/_adhd/status/523193252032561152
,2014-10-15 08:31,0,0,"As long as @glossier ships to Canada by the time I run out of homeoplasmine; we should be okay. #BalmDotCom",,@glossier,#BalmDotCom,"522409453392769024",https://twitter.com/sambrownisok/status/522409453392769024
,2014-10-15 08:08,0,0,""Okay @glossier the #BalmDotCom is now officially my go to #everything da #obsessed " thanks… http:// instagram.com/p/uLXgXQvyQ8/",,@glossier,#BalmDotCom #everything #obsessed,"522403575343751168",https://twitter.com/glossier/status/522403575343751168
,2014-10-15 07:27,2,1,"Ok @glossier The #BalmDotCom is now officially my go to #everything da #obsessed #glossier … http:// instagram.com/p/uLS5GjEcFV/",,@glossier,#BalmDotCom #everything #obsessed #glossier,"522393429037551616",https://twitter.com/JFisherJewelry/status/522393429037551616
,2014-10-14 08:02,0,1,"@DiarrhaXo use that #balmdotcom anywhere that could use some extra moisture! I like to dab it on my cheekbones for a little #glossierglo :)",,@DiarrhaXo,#balmdotcom #glossierglo,"522039707136704512",https://twitter.com/glossier/status/522039707136704512
,2014-10-13 21:17,0,1,"Hey @glossier ! Can I use my #balmdotcom as a face cream or just specific (smaller) areas? Can't wait to stop by mañana! #GlossierPopUp",,@glossier,#balmdotcom #GlossierPopUp,"521877465430773760",https://twitter.com/DiarrhaXo/status/521877465430773760
,2014-10-10 11:29,0,1,"Officially beauty-geeking out over my @glossier #balmdotcom Hands down the sickest product… http:// instagram.com/p/t-2iYOS7ib/",,@glossier,#balmdotcom,"520642225588686848",https://twitter.com/LoveKaliGoodwin/status/520642225588686848
,2014-10-06 20:07,0,1,"Launches &amp Releases Into the Glosss Cool-Girl Beauty Line Is Finally Here #BalmDotcom #EmilyWeiss #Glossier http:// j.mp/1vKvp7v",,,#BalmDotcom #EmilyWeiss #Glossier,"519323023552176131",https://twitter.com/Gossip_Central_/status/519323023552176131
,2014-10-06 13:01,0,1,"also; a little bit of @glossier #balmdotcom goes a long; long way. #obsessed #beauty",,@glossier,#balmdotcom #obsessed #beauty,"519215986336346112",https://twitter.com/adriannabarr/status/519215986336346112
,2014-10-06 12:15,0,1,"hey @glossier ! I live in #Canada and would LOVE to have access to your stuff! Way up yonder north we need some #balmdotcom",,@glossier,#Canada #balmdotcom,"519204299164110848",https://twitter.com/msjuliashepherd/status/519204299164110848
,2014-10-06 11:10,1,1,"@glossier happy to report I applied #balmdotcom at 9 am and it's still on! Game changer. So thrilled about hydration levels!",,@glossier,#balmdotcom,"519187952908664833",https://twitter.com/Hultsie_/status/519187952908664833
,2014-05-13 21:16,0,0,"i'm not ready to say goodbye to this luscious lip balm. #balmdiggity #obalmacare #balmdotcom … http:// instagram.com/p/n9qgZ1vBbO/",,,#balmdiggity #obalmacare #balmdotcom,"466431837733416960",https://twitter.com/marthasmith/status/466431837733416960
,2013-05-01 21:20,0,0,"New babies <3333 #welcometothefamily #nikezoom #balmdotcom #basketball #ballin http:// instagram.com/p/Yy7Na3p2JK/",,,#welcometothefamily #nikezoom #balmdotcom #basketball #ballin,"329812691571048449",https://twitter.com/TristaCatonio/status/329812691571048449