username,date,retweets,favorites,text,geo,mentions,hashtags,id,permalink
,2017-11-26 10:06,0,4,"when your cousins "heard" about @glossier 's sale and ask if you have any recommendations; you come prepared - - - - - - - - - - - - #glossier #sale #glossierpink #makeupaddict #blackfriday #skincare #skincareroutine #selfcare #beauty #shelfie #itgtopshe … http:// ift.tt/2AcvZEQ pic.twitter.com/cdjGqI2GgV",,@glossier,#glossier #sale #glossierpink #makeupaddict #blackfriday #skincare #skincareroutine #selfcare #beauty #shelfie #itgtopshe,"934845834142846977",https://twitter.com/bakingwopants/status/934845834142846977
,2017-11-18 13:28,0,0,"Check out the latest blog post #linkinbio #glossier #glossierpink glossier https://www. instagram.com/p/BbptRzen-A2/",,,#linkinbio #glossier #glossierpink,"931997571764994048",https://twitter.com/saltaandcoffee/status/931997571764994048
,2017-11-17 14:38,0,1,"Glossier London #glossier @emilywweiss glossier #glossierpink #glossierlondon #glossieryou … https://www. instagram.com/p/BbnQcm_gXyC/",,@emilywweiss,#glossier #glossierpink #glossierlondon #glossieryou,"931652682003177472",https://twitter.com/rebeccabell001/status/931652682003177472
,2017-11-08 00:01,0,1,"glossier Rose Balm ••• 《 #glossierpink #beauty #bbloggers #london #glossier #glossierbalm … https://www. instagram.com/p/BbOhBjjHnL7/",,,#glossierpink #beauty #bbloggers #london #glossier #glossierbalm,"928170703265976320",https://twitter.com/D_FashionSpace/status/928170703265976320
,2017-11-07 15:48,0,0,"New Post: http:// nomadmoda.com/blue-suede/ #fblogger #losangelesfashionblogger #beverlyhills #fblog #style #blue #bluesuede #glossierpink #ankleboots",,,#fblogger #losangelesfashionblogger #beverlyhills #fblog #style #blue #bluesuede #glossierpink #ankleboots,"928046633429876736",https://twitter.com/DeenaThiel/status/928046633429876736
,2017-11-01 02:02,0,1,"glossier ••• 《 #glossier #glossierpink #glossiermilkyjelly #glossierprimingmoisturizer … https://www. instagram.com/p/Ba8mbtGHldh/",,,#glossier #glossierpink #glossiermilkyjelly #glossierprimingmoisturizer,"925649326478540800",https://twitter.com/D_FashionSpace/status/925649326478540800
,2017-10-21 08:17,0,0,"And so the obsession begins glossier . . . #glossier #intothegloss #glossierpink #balmdotcom … https://www. instagram.com/p/Bag8iw9H52M/",,,#glossier #intothegloss #glossierpink #balmdotcom,"921757290318979073",https://twitter.com/Keeley_Smyth/status/921757290318979073
,2017-10-08 09:47,0,1,"Yes; everything comes packaged in a signature #GlossierPink Pouch. #Glossier #UK pic.twitter.com/5blAPLyF9O",,,#GlossierPink #Glossier #UK,"917068973472088066",https://twitter.com/SarahJTinoco/status/917068973472088066
,2017-10-06 22:32,0,6,"That moment when you realize your friend has #glossierpink hair and she's in front of a #bodyhero red door (cc @glossier ) pic.twitter.com/hRHnCdDVI6",,@glossier,#glossierpink #bodyhero,"916536573126217728",https://twitter.com/juliasimonepaul/status/916536573126217728
,2017-10-05 14:58,0,3,"Glossier pink nail polish is always a good idea . . . . . #glossierpink #glossier #nailpolish … https://www. instagram.com/p/BZ4dt5PFneo/",,,#glossierpink #glossier #nailpolish,"916059997749919744",https://twitter.com/BrianaWilvert/status/916059997749919744
,2017-10-02 08:59,28,208,"#glossierpink at Valentino image via @VogueRunway pic.twitter.com/LbMVuLmTjV",,@VogueRunway,#glossierpink,"914882598177972224",https://twitter.com/glossier/status/914882598177972224
,2017-09-24 12:40,37,242,"#glossierpink Lisbon; Portugal https://www. instagram.com/tamishka/ pic.twitter.com/4bhDQwEU2u",,,#glossierpink,"912039119370510337",https://twitter.com/glossier/status/912039119370510337
,2017-09-20 07:32,0,0,"I went to the #glossier showroom and it was beautiful! #glossierpink @Glossier https://www. instagram.com/p/BZRCuPFlla4/",,@Glossier,#glossier #glossierpink,"910511879600197633",https://twitter.com/sonalkam7/status/910511879600197633
,2017-09-14 20:16,0,2,"Dinner with @glossier tonight. @monicawangphoto #glossier #glossierpink http:// ift.tt/2h6bBjm pic.twitter.com/tOSiVgLggv",,@glossier @monicawangphoto,#glossier #glossierpink,"908530025015779328",https://twitter.com/GlitterGuide/status/908530025015779328
,2017-09-08 16:20,2,7,"Visit @glossier in #Toronto from now til Thursday at 1056 Queen St West. #glossier #glossierpink pic.twitter.com/6yjvEJSofg",,@glossier,#Toronto #glossier #glossierpink,"906296233542778880",https://twitter.com/HouseOfSabrina/status/906296233542778880
,2017-09-02 09:42,0,1,"#glossierpink #glossierskin @glossier pic.twitter.com/GqoOvi49KM",,@glossier,#glossierpink #glossierskin,"904021665566396416",https://twitter.com/xgiannna/status/904021665566396416
,2017-09-02 07:31,45,217,"#glossierpink Milan; Italy. pic via https://www. instagram.com/thelaurenmoore/ pic.twitter.com/q6aAx0CLYk",,,#glossierpink,"903988635934101504",https://twitter.com/glossier/status/903988635934101504
,2017-08-30 05:36,0,1,"Wowed by #wowder !!! #wow @glossier #glossierpink pic.twitter.com/WhVfz8wB1f",,@glossier,#wowder #wow #glossierpink,"902872738548916228",https://twitter.com/styledomination/status/902872738548916228
,2017-08-23 00:26,0,1,"Read all about my green; natural and cruelty-free beauty products on the blog - http:// bit.ly/2umFei1 . . . . . . . #glossierpink #live … pic.twitter.com/VECHe5fFOc",,,#glossierpink #live,"900257968385609728",https://twitter.com/Elle_Files/status/900257968385609728
,2017-08-21 12:41,0,1,"Thanks glossier for the gifts--looking forward to trying them #glossier #glossierpink … https://www. instagram.com/p/BYEWPkqDXKU/",,,#glossier #glossierpink,"899718021132038145",https://twitter.com/DrEsteeWilliams/status/899718021132038145
,2017-08-17 14:04,0,1,"Hey @glossier ; can you make more nail polishes or just sell the #glossierpink one again because mines almost empty thanks",,@glossier,#glossierpink,"898289396771934210",https://twitter.com/cass_steinberg/status/898289396771934210
,2017-08-11 16:34,1,16,"Tres Rose. #fridayfeeling #glossierpink #girly https://www. instagram.com/p/BXrBAuEh5Nz/",,,#fridayfeeling #glossierpink #girly,"896152916867784705",https://twitter.com/cattaber/status/896152916867784705
,2017-08-08 09:51,0,2,"Unleashing the beast #manentail #glossierpink #camronpink #ootd @Gowanus; Brooklyn https://www. instagram.com/p/BXikaWplN2f/",,@Gowanus,#manentail #glossierpink #camronpink #ootd,"894964262820380673",https://twitter.com/royashariat/status/894964262820380673
,2017-07-31 18:01,0,0,"Feelin' right at home with glossier. #glossier #glossierpink #posyandkit #skinisin https://www. instagram.com/p/BXO2Mb6g0Kq/",,,#glossier #glossierpink #posyandkit #skinisin,"892188470902476801",https://twitter.com/Its_Laynie_Lou/status/892188470902476801
,2017-07-25 23:44,0,0,"Packed these to do my makeup at my desk because I overslept again! . . . . . #glossierpink #livelovebeauty #pursuepretty #vscophotos #beau … pic.twitter.com/fLeBjLOGgf",,,#glossierpink #livelovebeauty #pursuepretty #vscophotos #beau,"890100401235779585",https://twitter.com/Elle_Files/status/890100401235779585
,2017-07-19 08:24,1,3,"Fun assignment this week - wrote about @glossier 's expansion into Canada for @strategyonline : http:// strategyonline.ca/2017/07/19/ame rican-cult-beauty-brand-glossier-launches-in-canada/ … #glossierpink",,@glossier @strategyonline,#glossierpink,"887694571114819584",https://twitter.com/tweetsbykate88/status/887694571114819584
,2017-07-15 00:43,0,0,"IRL #glossierpink by @annacareyhere http:// ift.tt/2vnGqC2 pic.twitter.com/LiHv7nGj7O",,@annacareyhere,#glossierpink,"886129172812369920",https://twitter.com/furcoat/status/886129172812369920
,2017-07-14 03:20,0,0,"@glossier can yall make more nail polish please. My #glossierpink is almost empty and I can’t live without it.",,@glossier,#glossierpink,"885806232090685440",https://twitter.com/cass_steinberg/status/885806232090685440
,2017-07-11 18:36,3,18,"I had myself a @glossier IRL moment; guys. also; mildly freaked out one of the editors by asking to take her photo. #glossierpink pic.twitter.com/hGm93gpvXY",,@glossier,#glossierpink,"884949478490468354",https://twitter.com/eimyfig/status/884949478490468354
,2017-07-11 18:35,1,4,"The rumours are true. @Glossier is shipping to Canada..sooner than you think. #GlossierPink #Glossier pic.twitter.com/mYzR0J1TNp",,@Glossier,#GlossierPink #Glossier,"884949418851667970",https://twitter.com/HouseOfSabrina/status/884949418851667970
,2017-07-11 16:46,2,8,"Hanging with @glossier inside #PrayTell ! #Glossier #GlossierPink pic.twitter.com/dMjGz9pSCB",,@glossier,#PrayTell #Glossier #GlossierPink,"884921757706137600",https://twitter.com/NeueWilden/status/884921757706137600
,2017-07-08 08:00,25,192,"#glossierpink Old San Juan. Pic via @giovaavictoriaa pic.twitter.com/XvKaoE2RZh",,@giovaavictoriaa,#glossierpink,"883702258260725762",https://twitter.com/glossier/status/883702258260725762
,2017-06-27 15:56,0,1,"In Case Anyone Wants To Order The New @Glossier #BirthdayBalmDotCom Here's 20% Off: http:// bff.glossier.com/fJxT3 #Glossier #GlossierPink pic.twitter.com/1MN3LXK1Um",,@Glossier,#BirthdayBalmDotCom #Glossier #GlossierPink,"879835937542479873",https://twitter.com/RagDollEyez/status/879835937542479873
,2017-06-27 13:02,0,1,"#glossierpink boxes + one cute #blackcat = #glossier #glossierinthewild // @glossier @IntoTheGloss pic.twitter.com/tnNc29Tyza",,@glossier @IntoTheGloss,#glossierpink #blackcat #glossier #glossierinthewild,"879791959983874048",https://twitter.com/LTRLLYOBSSED/status/879791959983874048
,2017-06-14 16:11,0,0,"summer's a bit weird and lonely but at least it's pretty lol it's #glossierpink @The High Line https://www. instagram.com/p/BVVoNm9DWYg/",,@The,#glossierpink,"875128466378719234",https://twitter.com/unshipping13/status/875128466378719234
,2017-06-06 17:06,0,1,"#glossier #glossiergirl #glossierpink #glossieressentials #glossierskintint #glossierdiscountcode pic.twitter.com/kOsQEpiqk0",,,#glossier #glossiergirl #glossierpink #glossieressentials #glossierskintint #glossierdiscountcode,"872243290485252098",https://twitter.com/tvrblog/status/872243290485252098
,2017-06-04 16:38,0,0,"time to restock on your #glossier faves for summer; guys and gals! http:// bff.glossier.com/fCA0r #glossierpink #boybrow @glossier",,@glossier,#glossier #glossierpink #boybrow,"871511583247048704",https://twitter.com/laurenkazoo/status/871511583247048704
,2017-06-03 09:34,0,6,"it's a @SaturdaySkin kind of day @Dior @herbivorebeauty @glossier that #millennialpink &a mp; #glossierpink pic.twitter.com/YXwpn7V6YT",,@SaturdaySkin @Dior @herbivorebeauty @glossier,#millennialpink #glossierpink,"871042302680207360",https://twitter.com/sofhoney/status/871042302680207360
,2017-06-02 18:22,0,0,"@glossier #glossier #glossierpink #glossiergirl",,@glossier,#glossier #glossierpink #glossiergirl,"870812800079323137",https://twitter.com/tvrblog/status/870812800079323137
,2017-06-01 22:21,0,2,"Morning feels #coffee Repost @iamamayzing #regram #glossierpink @pietronolita pic.twitter.com/tqZxwt34Tg",,@iamamayzing @pietronolita,#coffee #regram #glossierpink,"870510731820544000",https://twitter.com/SassyChicSA/status/870510731820544000
,2017-05-31 16:17,0,1,"pretty young things #glossier #glossierrep #glossierinthewild #glossierpink @Glossier https://www. instagram.com/p/BUxes1sBtUF/",,@Glossier,#glossier #glossierrep #glossierinthewild #glossierpink,"870056645417512960",https://twitter.com/nmnalty/status/870056645417512960
,2017-05-31 13:46,0,1,"Glossier Pink Pouches. #glossier #glossierpink #drunkelephant #skincare #makeup … https://www. instagram.com/p/BUxUl8hF1AV/",,,#glossier #glossierpink #drunkelephant #skincare #makeup,"870018779668914176",https://twitter.com/gtk77/status/870018779668914176
,2017-05-16 13:54,0,2,"Just add a little glitter... @glossier #lipgloss #glossierpink #glitter pic.twitter.com/IEOxdrIROS",,@glossier,#lipgloss #glossierpink #glitter,"864584924854177792",https://twitter.com/kaylawinterton/status/864584924854177792
,2017-05-14 12:55,0,1,"Btw; reading @PopmagazineUS and this #GlossierPink -ish pic just came up too pic.twitter.com/p6bTEcuTke",,@PopmagazineUS,#GlossierPink,"863845164854501377",https://twitter.com/amandajorda/status/863845164854501377
,2017-05-08 17:01,0,3,"@glossier and glitter are the perfect match... #glossier #glossierpink pic.twitter.com/hkEV366ilc",,@glossier,#glossier #glossierpink,"861732874059436033",https://twitter.com/kaylawinterton/status/861732874059436033
,2017-04-28 08:14,0,0,"Use my code ( http:// bff.glossier.com/e507F ) to get 20% off your first purchase @glossier #glossierPROMOcode #glossier #glossierPINK",,@glossier,#glossierPROMOcode #glossier #glossierPINK,"857976381384253440",https://twitter.com/shellyhk/status/857976381384253440
,2017-04-26 08:01,0,0,"Son todos lindos Vos con cual te quedas? .. . .. #makeup #glos #gloss #glossierpink #lip … https://www. instagram.com/p/BTWlMBSFhUV/",,,#makeup #glos #gloss #glossierpink #lip,"857248157708812288",https://twitter.com/SoofiFontana/status/857248157708812288
,2017-04-24 17:24,0,0,"#GlossierPink : 'Why Millennial Pink Refuses to Go Away' http:// nymag.com/thecut/2017/03 /why-millennial-pink-refuses-to-go-away.html?mid=twitter-share-thecut … via @thecut",,@thecut,#GlossierPink,"856665166519255040",https://twitter.com/tammi_ireland/status/856665166519255040
,2017-04-24 11:09,0,2,"@glossier has a full collection on my ig dedicated to #glossierpink pic.twitter.com/FjWde9XEAa",,@glossier,#glossierpink,"856570777591848962",https://twitter.com/sofhoney/status/856570777591848962
,2017-04-22 14:07,0,1,"#glossierpink alert? @glossier Lisa Loeb "Underdog" Music Video https:// youtu.be/cBvk3GjYTRE",,@glossier,#glossierpink,"855890798243663876",https://twitter.com/nyloncake/status/855890798243663876
,2017-04-22 12:05,0,0,"~summer drinking vibez~ . . . #Nashville #rooftop #glossierpink #pink … https://www. instagram.com/p/BTMt9yrAj43/",,,#Nashville #rooftop #glossierpink #pink,"855860081455497220",https://twitter.com/helloElisha/status/855860081455497220
,2017-04-12 08:45,0,2,"Pink is the new black • • • • #fotd #motd #makeup #flatlay #pink #glossierpink #glossier … https://www. instagram.com/p/BSynMfnAwCl/",,,#fotd #motd #makeup #flatlay #pink #glossierpink #glossier,"852186014202437636",https://twitter.com/thechicmachine/status/852186014202437636
,2017-04-10 13:13,0,0,"Um; why are they in a gumball machine? Something feels really wrong about this. That being said; I am loving the #glossierpink https:// twitter.com/CreatorsProjec t/status/851525453089296385 …",,,#glossierpink,"851528577904410625",https://twitter.com/chelseaphipps_/status/851528577904410625
,2017-04-01 14:27,0,0,"Sampling products to my hearts content with glossier today #glossier #glossierpink @Alfred… https://www. instagram.com/p/BSW5f_ngjws/",,@Alfred,#glossier #glossierpink,"848285618404814848",https://twitter.com/Preptista/status/848285618404814848
,2017-03-29 04:13,0,0,"Happy glossier #glossierpink #spring #makeup #flowers #pastels #cloudpaint #pretty #skincare … https://www. instagram.com/p/BSOE7UEBpKv/",,,#glossierpink #spring #makeup #flowers #pastels #cloudpaint #pretty #skincare,"847044113002196992",https://twitter.com/shirinek22/status/847044113002196992
,2017-03-22 02:13,1,1,"This is a literal dossier on the colour pink and absolutely the best thing I've read all day. #pink #glossierpink http:// nymag.com/thecut/2017/03 /why-millennial-pink-refuses-to-go-away.html … https:// twitter.com/NYMag/status/8 44063021722992642 …",,,#pink #glossierpink,"844477195896573952",https://twitter.com/francesmao/status/844477195896573952
,2017-03-20 00:38,0,0,"Why yes; I just read this article instead of going to bed. #GlossierPink http:// nymag.com/thecut/2017/03 /why-millennial-pink-refuses-to-go-away.html?mid=twitter-share-thecut … via @thecut",,@thecut,#GlossierPink,"843728330293624834",https://twitter.com/lizellegalaz/status/843728330293624834
,2017-03-13 00:04,0,6,"#glossierpink http:// ift.tt/2mhVfAR pic.twitter.com/EngTYhBXhE",,,#glossierpink,"841183194225483776",https://twitter.com/sassyblackdiva/status/841183194225483776
,2017-03-09 08:22,0,1,"#glossierpink",,,#glossierpink,"839873980358025216",https://twitter.com/moonrockpizza/status/839873980358025216
,2017-03-07 16:57,0,1,"@VivianHYee #glossierpink https:// twitter.com/FastCompany/st atus/839275730328555520 …",,@VivianHYee,#glossierpink,"839278807265787904",https://twitter.com/raisabruner/status/839278807265787904
,2017-03-07 06:24,0,0,"Color inspo glossier . . . . . #glossier #glossierpink #color #livecolorfully #beauty … https://www. instagram.com/p/BRVxOBNFC4t/",,,#glossier #glossierpink #color #livecolorfully #beauty,"839119478445203457",https://twitter.com/EACH_Jewels/status/839119478445203457
,2017-03-05 22:34,0,0,"Use my link to get 20% off your first purchase! http:// bff.glossier.com/fbuTe #makeup #GLOSSIER #glossierpink #haloscope",,,#makeup #GLOSSIER #glossierpink #haloscope,"838638940185841664",https://twitter.com/danam97/status/838638940185841664
,2017-03-02 08:50,0,0,"@glossier ordering one in each shade!!! Can't wait!!!! #glossier #glossiertakemymoney #glossierpink pic.twitter.com/YOudyeDV6M",,@glossier,#glossier #glossiertakemymoney #glossierpink,"837344484958449664",https://twitter.com/T_Ferguson/status/837344484958449664
,2017-03-02 05:37,0,0,"#CloudPaints Are Here! Use This Link To Save 20% Off Your Very First @glossier Order. http:// bff.glossier.com/eyxh0 #Glossier #GlossierPink",,@glossier,#CloudPaints #Glossier #GlossierPink,"837295748010160129",https://twitter.com/RagDollEyez/status/837295748010160129
,2017-03-01 16:12,0,0,"My @glossier collection is growing! #glossier #glossierpink pic.twitter.com/XLzJUEYEhX",,@glossier,#glossier #glossierpink,"837093125923422209",https://twitter.com/IAMBEAUTYBEEXO/status/837093125923422209
,2017-02-28 07:59,0,0,"get 20% off Glossier skin goodness link in bio #beauty #glossier #glossierpink #skinisin https://www. instagram.com/p/BRD6FRAg0ND/",,,#beauty #glossier #glossierpink #skinisin,"836606761071169537",https://twitter.com/adina_halagian/status/836606761071169537
,2017-02-23 05:24,0,0,"Major Inspo Mood Vibes!!! #glossierpink #tumblrpink #pink #art #creativityfound #chasinglight … https://www. instagram.com/p/BQ2w36uhMzE/",,,#glossierpink #tumblrpink #pink #art #creativityfound #chasinglight,"834755851160166400",https://twitter.com/AbbyDubois/status/834755851160166400
,2017-02-23 05:23,0,0,"Major Inspo Mood Vibes!!! #glossierpink #tumblrpink #pink #art #creativityfound #chasinglight … https://www. instagram.com/p/BQ2wxL0lljq/",,,#glossierpink #tumblrpink #pink #art #creativityfound #chasinglight,"834755621463416832",https://twitter.com/EACH_Jewels/status/834755621463416832
,2017-02-11 15:31,0,1,"Honestly; @glossier makes the perfect pink nail polish. I hope I never run out... #glossierpink",,@glossier,#glossierpink,"830559865210859520",https://twitter.com/anjerika_wilmer/status/830559865210859520
,2017-02-08 06:44,0,0,"Winter Style Goals Regram @moncler #floral #flower #pink #glossierpink #moncler #ootd #winter … https://www. instagram.com/p/BQQSE83ggIE/",,@moncler,#floral #flower #pink #glossierpink #moncler #ootd #winter,"829340101838790656",https://twitter.com/AbbyDubois/status/829340101838790656
,2017-02-08 06:43,0,0,"Winter Style Goals Regram @moncler #floral #flower #pink #glossierpink #moncler #ootd #winter … https://www. instagram.com/p/BQQR8F6hMw7/",,@moncler,#floral #flower #pink #glossierpink #moncler #ootd #winter,"829339799781662720",https://twitter.com/EACH_Jewels/status/829339799781662720
,2017-02-01 23:37,0,0,"Inspiration archi ce matin Bonne journée les amis ! #design #glossierpink https://www. instagram.com/p/BQAEaJllj6M/",,,#design #glossierpink,"827058250394828800",https://twitter.com/SamanthaDsts/status/827058250394828800
,2017-01-28 15:16,3,0,"Y'all #PMRich is *the* ISH! Get yours for 20% off AND free shipping! http://www. glossier.com/reps/dymond #glossierpink #skincare #beauty #bbloggers pic.twitter.com/7UX5sofPzS",,,#PMRich #glossierpink #skincare #beauty #bbloggers,"825482761217650688",https://twitter.com/thechicmachine/status/825482761217650688
,2017-01-27 07:25,0,1,"Finally made it to the glossier showroom. It was heaven. My new things. #glossier #glossierpink … https://www. instagram.com/p/BPxdSnJDder/",,,#glossier #glossierpink,"825001903809581062",https://twitter.com/jenniferyee_/status/825001903809581062
,2017-01-11 19:09,0,0,"Whipped to perfection • • • #glossierpink #primingmoisturizerrich #beauty #skincare #creamy … https://www. instagram.com/p/BPJhIQUglAa/",,,#glossierpink #primingmoisturizerrich #beauty #skincare #creamy,"819380837854674944",https://twitter.com/thechicmachine/status/819380837854674944
,2017-01-11 10:06,2,42,"@glossier #glossierpink pic.twitter.com/FnecLv6U8H",,@glossier,#glossierpink,"819244023953162248",https://twitter.com/sofia_pedroso/status/819244023953162248
,2017-01-10 06:54,0,0,"Already ordered my #PMRich from @glossier #ThinkRich #glossierpink pic.twitter.com/vMCyJgfylS",,@glossier,#PMRich #ThinkRich #glossierpink,"818833510949593089",https://twitter.com/thechicmachine/status/818833510949593089
,2017-01-05 23:08,1,1,"Yes; even writers have a few (if not a lot of) favorite things. @SparklingIce #Jergens #glossierpink #amwriting pic.twitter.com/BHCZTjiqLn",,@SparklingIce,#Jergens #glossierpink #amwriting,"817266620036829184",https://twitter.com/Heart1QueenBee/status/817266620036829184
,2017-01-02 17:02,0,0,"#GlossierPink to kick off the new year... https://www. instagram.com/p/BOyHS9QjiUy/",,,#GlossierPink,"816087250077437953",https://twitter.com/anjerika_wilmer/status/816087250077437953
,2016-12-30 17:08,0,0,"You know what goes real well with wine? #glossierpink https://www. instagram.com/p/BOqZsl9AT7L/",,,#glossierpink,"815001631708291073",https://twitter.com/modernstripes/status/815001631708291073
,2016-12-30 11:35,0,0,"#NewYears nails always have a little sparkle #nye #nails #glossierpink pic.twitter.com/6fK5pL67AM",,,#NewYears #nye #nails #glossierpink,"814917805409705984",https://twitter.com/Kellymeows/status/814917805409705984
,2016-12-26 04:05,0,1,"Pink is the prettiest #thatisall #glossierpink #plush #interiordesign #inspo https://www. instagram.com/p/BOes9efD4do/",,,#thatisall #glossierpink #plush #interiordesign #inspo,"813355144175910918",https://twitter.com/LumeiRee/status/813355144175910918
,2016-12-25 15:50,0,2,"Get you a guy who gifts you glossier // #glossier #glossierpink #phase1 #merrychristmas #ootd … https://www. instagram.com/p/BOdY1W6hIFw/",,,#glossier #glossierpink #phase1 #merrychristmas #ootd,"813170158294351872",https://twitter.com/laravlw/status/813170158294351872
,2016-12-21 08:59,0,0,"Simplicity// serenity #roses #flowers #myfavorite #glossierpink https://www. instagram.com/p/BOSWmX7jMbT/",,,#roses #flowers #myfavorite #glossierpink,"811617122405249024",https://twitter.com/LumeiRee/status/811617122405249024
,2016-12-20 17:12,0,0,"So #glossierpink nail polish is $12 each; @glossier how is giving me a refund of $9.60 considered a "full refund"? Am I missing something?",,@glossier,#glossierpink,"811378734708170752",https://twitter.com/Heart1QueenBee/status/811378734708170752
,2016-12-18 19:56,0,0,"#unboxing done! Can't wait to use them! @loandsons glossier #glossier #glossierpink #loandsons I… https://www. instagram.com/p/BOLzX-ij5Kq/",,@loandsons,#unboxing #glossier #glossierpink #loandsons,"810695236607414272",https://twitter.com/carrotoh/status/810695236607414272
,2016-12-18 19:38,0,0,"Absolutely party ready with the perfect glossier Black Tie Set. The #glossierpink nail polish… https://www. instagram.com/p/BOLxSIIhpMm/",,,#glossierpink,"810690642158333952",https://twitter.com/Steff_Entralgo/status/810690642158333952
,2016-12-14 02:34,0,0,"#GlossierPink @Manly Pavillion Restraunt https://www. instagram.com/p/BN_o6yDDShm/",,@Manly,#GlossierPink,"808983394726117376",https://twitter.com/tammi_ireland/status/808983394726117376
,2016-12-12 14:20,0,0,"The #glossierpink Nail Polish is only available in limited quantities through early January!",,,#glossierpink,"808436396474138624",https://twitter.com/glossier/status/808436396474138624
,2016-12-12 13:41,0,1,"@glossier is it true that #glossierpink is only for a limited time?! pic.twitter.com/r27qHk0Aa9",,@glossier,#glossierpink,"808426506238263301",https://twitter.com/Heart1QueenBee/status/808426506238263301
,2016-12-10 21:46,0,1,"thank you @glossier i've been searching for a polish this shade with this kind of coverage for years. #glossierpink",,@glossier,#glossierpink,"807823970758225920",https://twitter.com/latrodectal/status/807823970758225920
,2016-12-09 12:15,4,19,"Let's take a moment to thank @Glossier for making the color pink fashionable past the age of 5 again. #GlossierPink",,@Glossier,#GlossierPink,"807317751853420544",https://twitter.com/ChoupettesDiary/status/807317751853420544
,2016-12-08 10:56,1,15,"2016 didn't deserve #glossierpink as Pantone's color of the year",,,#glossierpink,"806935493510242304",https://twitter.com/emmabenshoff/status/806935493510242304
,2016-12-08 07:13,0,7,"going to do this with my nails later using the #glossierpink nail polish as a base pic.twitter.com/H5uLknI3l0",,,#glossierpink,"806879435873992706",https://twitter.com/dadmunk/status/806879435873992706
,2016-12-06 16:29,0,0,"#ulta #ultahaul #glossier #glossierpink #glossiergirl #ihaveaproblem #skincare #skincarehaul … https://www. instagram.com/p/BNsiJQHhCrC/",,,#ulta #ultahaul #glossier #glossierpink #glossiergirl #ihaveaproblem #skincare #skincarehaul,"806294487689375744",https://twitter.com/BnBeyond/status/806294487689375744
,2016-12-06 12:26,0,0,"I dream in #glossierpink glossier @Glossier https://www. instagram.com/p/BNsGXdyDEWY/",,@Glossier,#glossierpink,"806233403968389120",https://twitter.com/vicious_vic_1/status/806233403968389120
,2016-12-06 11:55,0,0,"Playing with glossier 's Black Tie Set! . . #glossierpink #glossier #loving #gifts #mood … https://www. instagram.com/p/BNsCxa5hMsx/",,,#glossierpink #glossier #loving #gifts #mood,"806225501098381312",https://twitter.com/thetdiaries/status/806225501098381312
,2016-12-02 06:27,0,0,"This @glossier #glossierpink nail polish from the #BlackTieSet is blowing my mind. Two coats; opaque; no chipping in 3+ days!? Mind blown.",,@glossier,#glossierpink #BlackTieSet,"804693471164596224",https://twitter.com/Steff_Entralgo/status/804693471164596224
,2016-11-30 17:44,0,0,"#GlossierPink reaching new heights. https:// intothegloss.com/2016/11/glossi er-series-b-funding-announcement/?utm_source=facebook.com … via @intothegloss",,@intothegloss,#GlossierPink,"804139114798850048",https://twitter.com/lizellegalaz/status/804139114798850048
,2016-11-22 08:41,0,1,"Glossier Pink #glossier #dior #glossierpink #damselflavored #beautybloggers #bbloggers … https://www. instagram.com/p/BNHphMyhdp9/",,,#glossier #dior #glossierpink #damselflavored #beautybloggers #bbloggers,"801103420375506944",https://twitter.com/gtk77/status/801103420375506944
,2016-11-21 10:21,0,1,"made a secret wedding moodboard on pinterest & everything is turning out to be #glossierpink lolol",,,#glossierpink,"800766036387778560",https://twitter.com/dadmunk/status/800766036387778560
,2016-11-21 09:20,0,1,"Pretty! :) RT @Glambr : #glossierpink nailed it. https://www. instagram.com/p/BNFGo0fBbP9/",,@Glambr,#glossierpink,"800750657124737029",https://twitter.com/PalacinkaBeauty/status/800750657124737029
,2016-11-21 09:06,0,0,"Glambr: #glossierpink nailed it. https://www. instagram.com/p/BNFGo0fBbP9/",,,#glossierpink,"800747147494768641",https://twitter.com/AldoraMuses/status/800747147494768641
,2016-11-21 08:58,0,0,"#glossierpink nailed it. https://www. instagram.com/p/BNFGo0fBbP9/",,,#glossierpink,"800745239438733312",https://twitter.com/Glambr/status/800745239438733312
,2016-11-19 10:26,0,1,"got that #glossierpink mani too @glossier",,@glossier,#glossierpink,"800042679526637569",https://twitter.com/dadmunk/status/800042679526637569
,2016-11-14 08:11,0,1,"glossier pink #glossier #blacktieset #holidayset #glossierpink https://www. instagram.com/p/BMy_u6GgaBP/",,,#glossier #blacktieset #holidayset #glossierpink,"798196776075456512",https://twitter.com/TamiraJarrel/status/798196776075456512
,2016-11-13 07:50,0,0,"The glossier Black Tie set is #Glossier #GlossierBlackTie #GlossierPink https://www. instagram.com/p/BMwYdaRBGYN/",,,#Glossier #GlossierBlackTie #GlossierPink,"797828942908379136",https://twitter.com/KristianaSalmon/status/797828942908379136
,2016-11-13 02:39,0,1,"@glossier black tie set for my black soul and pink nails #glossierpink pic.twitter.com/G0YmibdX6Q",,@glossier,#glossierpink,"797750790702014464",https://twitter.com/zhan96zhan/status/797750790702014464
,2016-11-12 17:59,1,23,"i'm gonna need @glossier to make more nail polishes because i'm in love with the brush on the #glossierpink one",,@glossier,#glossierpink,"797619807818514432",https://twitter.com/dadmunk/status/797619807818514432
,2016-11-10 12:36,0,28,"Just a little #GlossierPink @glossier pic.twitter.com/XuFw2g2Ptz",,@glossier,#GlossierPink,"796813754432421889",https://twitter.com/EddyLads/status/796813754432421889
,2016-11-10 11:46,0,0,"So much happiness in one box! #glossier #glossierpink #blacktieset https://www. instagram.com/p/BMpFD8Igu-w/ pic.twitter.com/AgP27LPtX1",,,#glossier #glossierpink #blacktieset,"796801152272728064",https://twitter.com/KinsleeDuBois/status/796801152272728064
,2016-11-10 11:44,0,0,"This week is about to get SO much better. #glossier #glossierpink #blacktieset https://www. instagram.com/p/BMpE1XzAmuG/ pic.twitter.com/cozAA6A1CJ",,,#glossier #glossierpink #blacktieset,"796800671102238720",https://twitter.com/KinsleeDuBois/status/796800671102238720
,2016-11-08 15:06,1,0,"My #GlossierPink nail polish from the @glossier Black Tie Set is the perfect color to wear to celebrate Hillary as president.",,@glossier,#GlossierPink,"796126862430838784",https://twitter.com/BetseyJWilkin/status/796126862430838784
,2016-11-06 12:51,0,1,"ps going with #glossierpink",,,#glossierpink,"795367906028777472",https://twitter.com/rjacoby13/status/795367906028777472
,2016-11-06 05:44,0,1,"important: red glitter or #glossierpink manicure/pedicure?",,,#glossierpink,"795260490750509056",https://twitter.com/rjacoby13/status/795260490750509056
,2016-11-04 11:16,0,0,"Morning post #glossier #glossierpink #glossiergirl @City of Beverly Hills https://www. instagram.com/p/BMZeFSfDhZc/",,@City,#glossier #glossierpink #glossiergirl,"794604342909222912",https://twitter.com/rosazabo/status/794604342909222912
,2016-11-03 22:10,0,2,"Good night #glossoer #gpin #rose #pink #glossierpink #damselflavored #beautybloggers … https://www. instagram.com/p/BMYEFDGBLAp/",,,#glossoer #gpin #rose #pink #glossierpink #damselflavored #beautybloggers,"794406425732653056",https://twitter.com/gtk77/status/794406425732653056
,2016-11-02 18:09,0,0,"On the 1st day of Christmas my true love gave to me... #glossierpink #blacktie #bbloggers … https://www. instagram.com/p/BMVDsncAvvz/",,,#glossierpink #blacktie #bbloggers,"793983367834468352",https://twitter.com/thechicmachine/status/793983367834468352
,2016-11-02 06:22,0,0,"Sweet mornings #glossierpink http:// ift.tt/2faT56M pic.twitter.com/vMhkLzUgvG",,,#glossierpink,"793805599272214529",https://twitter.com/loganslook/status/793805599272214529
,2016-10-29 06:09,0,0,"Weekend project: paint your walls #glossierpink (Benjamin Moore's Flush Pink is the shade to buy) http:// pinterest.com/pin/9478676713 7313152/ …",,,#glossierpink,"792352775329972224",https://twitter.com/JessAladdin/status/792352775329972224
,2016-10-28 16:09,0,0,"#glossierpink as far as the eye can see http:// ift.tt/2foIoxW pic.twitter.com/domLWLQ87a",,,#glossierpink,"792141248333246508",https://twitter.com/terri_to/status/792141248333246508
,2016-10-28 08:16,0,0,"Midwest sky doing its best Pantone Colors of the Year #glossierpink https://www. instagram.com/p/BMHH45ggVNs/",,,#glossierpink,"792022261255503872",https://twitter.com/caybshea/status/792022261255503872
,2016-10-24 11:54,0,1,"how is @glossier not on here tho #glossierpink https:// twitter.com/hunterschwarz/ status/790625565342662656 …",,@glossier,#glossierpink,"790627535931531265",https://twitter.com/dianafakhouri/status/790627535931531265
,2016-10-17 09:53,0,0,"Turn some heads • • • #glossierpink #generationg #thinkpink https://www. instagram.com/p/BLq-N54Ak2h/",,,#glossierpink #generationg #thinkpink,"788060343998308353",https://twitter.com/thechicmachine/status/788060343998308353
,2016-10-13 12:29,0,0,"Generation G in Zip! Prefect poppy red #glossier #sheermattelipstick #glossierpink … https://www. instagram.com/p/BLg8451FEb_/",,,#glossier #sheermattelipstick #glossierpink,"786650057936371712",https://twitter.com/nicjanisch/status/786650057936371712
,2016-10-07 07:48,0,0,"#Pinkout for #breastcancer #awareness • • • #glossierpink #lookrookie #clovercallout … https://www. instagram.com/p/BLRAAL1geGb/",,,#Pinkout #breastcancer #awareness #glossierpink #lookrookie #clovercallout,"784405094993461248",https://twitter.com/thechicmachine/status/784405094993461248
,2016-10-06 01:02,0,0,"#Glossier is the ultimate skincare brand & I'll get you 20% off your first order here: http:// bff.glossier.com/ec-kD #skincare #glossierpink",,,#Glossier #skincare #glossierpink,"783940475321409536",https://twitter.com/katiebschenk/status/783940475321409536
,2016-10-03 08:58,3,31,"Wrote about the beauty queens of Glossier for Wired. Wish I had another 5000 words just for #glossierpink https://www. wired.com/2016/09/emily- weiss-glossier/ …",,,#glossierpink,"782973218277691392",https://twitter.com/MarisaMeltzer/status/782973218277691392
,2016-09-29 08:00,0,0,"#GlossierPink > http:// fashionista.com/2016/08/tumblr -pink-fashion-color-trend … via @Fashionista_com",,@Fashionista_com,#GlossierPink,"781508914210680832",https://twitter.com/brittanylelamp/status/781508914210680832
,2016-09-25 15:45,0,0,"finally got my #haloscope #glossierpink #haloscopequartz #glossier https://www. instagram.com/p/BKy9BjHhDch/",,,#haloscope #glossierpink #haloscopequartz #glossier,"780176428205649920",https://twitter.com/thetrendcourt/status/780176428205649920
,2016-09-24 15:02,0,1,"Happy birthday to me #mailday #glossier #glossierpink http:// ift.tt/2cBL4pz pic.twitter.com/9FIkiiEJsN",,,#mailday #glossier #glossierpink,"779803271611416576",https://twitter.com/itsbeccawolf/status/779803271611416576
,2016-09-23 21:19,0,1,"I can get you 20% off your first #Glossier purchase here: http:// bff.glossier.com/ec-kD #skincare #glossierpink #promocode #discount",,,#Glossier #skincare #glossierpink #promocode #discount,"779535638093713408",https://twitter.com/katiebschenk/status/779535638093713408
,2016-09-22 04:20,0,0,"This holiday brought to you by #glossierpink @La Mirada https://www. instagram.com/p/BKqAPPnjBXH/",,@La,#glossierpink,"778916851304759296",https://twitter.com/IsabelleOC/status/778916851304759296
,2016-09-19 18:04,0,0,"The new face of Glossier #glossierpink https://www. instagram.com/p/BKjub6mDp1U/",,,#glossierpink,"778037053103697920",https://twitter.com/EmiliaPetrarca/status/778037053103697920
,2016-09-19 12:17,0,0,"Happy Monday! #glossier #thesupers #glossierpink #superglow #superpure #superbounce … https://www. instagram.com/p/BKjIgoTj73W/",,,#glossier #thesupers #glossierpink #superglow #superpure #superbounce,"777949879863799808",https://twitter.com/nicjanisch/status/777949879863799808
,2016-09-19 12:16,0,0,"Happy Monday! #glossier #thesupers #glossierpink #superglow #superpure #superbounce … https://www. instagram.com/p/BKjISAmhHcX/",,,#glossier #thesupers #glossierpink #superglow #superpure #superbounce,"777949382192660480",https://twitter.com/nicjanisch/status/777949382192660480
,2016-09-13 17:49,0,0,"Boss goals #glossierpink @EmilyWWeiss https://www. youtube.com/watch?v=XhnfsT is-8o …",,@EmilyWWeiss,#glossierpink,"775858959425024000",https://twitter.com/emily_kennedy_/status/775858959425024000
,2016-09-12 13:25,0,0,"New blog post! See how I do pink with inspo from @glossier and the #glossierpink Pinterest http:// covetedeclectic.blogspot.com/2016/09/tea-ro om-run-glossier-pink.html?spref=tw … pic.twitter.com/NlOJVELv35",,@glossier,#glossierpink,"775430139307888640",https://twitter.com/KhiammaPtah/status/775430139307888640
,2016-09-12 10:33,1,7,"Yoooo @EmilyWWeiss on the Proenza stream in her #GlossierPink cape and mask. Yes; werk. #NYFW",,@EmilyWWeiss,#GlossierPink #NYFW,"775386920176095232",https://twitter.com/SarahJTinoco/status/775386920176095232
,2016-09-08 19:40,0,0,"That pink color again #tbt #ihavethisthingwithpink #tumblrpink #glossierpink … https://www. instagram.com/p/BKHmYzNhz47/",,,#tbt #ihavethisthingwithpink #tumblrpink #glossierpink,"774074934226059265",https://twitter.com/thetrendcourt/status/774074934226059265
,2016-09-08 15:02,0,0,"WHAT IS HAPPENING? even @techreview is using pantone 705C aka #glossierpink aka rose quartz ( @glossier ) https:// twitter.com/techreview/sta tus/773989468588142593 …",,@techreview @glossier,#glossierpink,"774005135085305860",https://twitter.com/Melt_Dem/status/774005135085305860
,2016-09-03 08:59,0,0,"Pink Wishlist Inspired By #glossierpink https://www. bloglovin.com/blog/post/1050 9545/5113654431 … on @bloglovin",,@bloglovin,#glossierpink,"772101764686446592",https://twitter.com/ChrissyDoll88/status/772101764686446592
,2016-09-03 03:38,0,0,"#glossierpink",,,#glossierpink,"772020958970380288",https://twitter.com/jacquelinehey/status/772020958970380288
,2016-09-02 18:19,0,0,"Took these new babies out for a spin tonight #deets #glossierpink https://www. instagram.com/p/BJ4AYDXBidM/",,,#deets #glossierpink,"771880283251482624",https://twitter.com/Denajulias/status/771880283251482624
,2016-08-31 16:38,0,0,"Summer '16 refills #glossier #glossierpink #glossierskintint #balmdotcom @Jersey City; New… https://www. instagram.com/p/BJyrQoUDy9k/",,@Jersey,#glossier #glossierpink #glossierskintint #balmdotcom,"771130158082355201",https://twitter.com/nicjanisch/status/771130158082355201
,2016-08-31 12:25,0,2,"#glossierpink https:// twitter.com/robertasmithny t/status/771046071690756097 …",,,#glossierpink,"771066373426610177",https://twitter.com/canonind/status/771066373426610177
,2016-08-29 17:20,0,0,"A look inside start up #glossierpink world https://www. buzzfeed.com/nitashatiku/in side-glossier-the-beauty-startup-that-just-happens-to-sell?utm_term=.akGvz54V5p …",,,#glossierpink,"770415741518569472",https://twitter.com/kaseyrmcdonald/status/770415741518569472
,2016-08-28 18:24,1,13,"It's basically #GlossierPink night. #VMAs @glossier",,@glossier,#GlossierPink #VMAs,"770069625820352512",https://twitter.com/MariePLessard/status/770069625820352512
,2016-08-27 14:47,0,0,"same pose | same color #ihavethisthingwithpink #tumblrpink #glossierpink … https://www. instagram.com/p/BJoLVm6hKmz/",,,#ihavethisthingwithpink #tumblrpink #glossierpink,"769652596277596161",https://twitter.com/thetrendcourt/status/769652596277596161
,2016-08-26 17:14,0,0,"Birds over pink sky & #sunset #pinksky #glossierpink #aerangistravels @Chincoteague; Virginia https://www. instagram.com/p/BJl3ZrDAEzA/",,@Chincoteague,#sunset #pinksky #glossierpink #aerangistravels,"769327267868708864",https://twitter.com/AerangisNY/status/769327267868708864
,2016-08-25 19:21,0,3,"#icymi a few weeks ago -- full makeup & outfit deets on how i style #glossierpink http:// djkittymakeup.blogspot.com/2016/07/on-wed nesdays-we-wear-pink-glossierpink.html … #bblogger pic.twitter.com/enl9I38JBo",,,#icymi #glossierpink #bblogger,"768996843636137984",https://twitter.com/makeupbyKitty_/status/768996843636137984
,2016-08-25 15:13,0,0,"This is such a great read. Congrats; @EmilyWWeiss + @Glossier team! #GlossierPink http:// bzfd.it/2bDBbEB @BuzzFeed pic.twitter.com/ZLI07DsC0O",,@EmilyWWeiss @Glossier @BuzzFeed,#GlossierPink,"768934268856741888",https://twitter.com/benthal/status/768934268856741888
,2016-08-25 09:22,0,0,"My favorite shoes + fresh #pedi = #ootd #fentyslides #glossierpink https://www. instagram.com/p/BJicjdJgjE1/",,,#pedi #ootd #fentyslides #glossierpink,"768846018867761152",https://twitter.com/Denajulias/status/768846018867761152
,2016-08-24 09:32,0,0,"I always feel like somebody's watching me shoplepoint #glossierpink #newblogpost https://www. instagram.com/p/BJf43nVg3JE/",,,#glossierpink #newblogpost,"768486072821121025",https://twitter.com/Denajulias/status/768486072821121025
,2016-08-22 17:30,0,0,"#ihavethisthingwithpink #tumblrpink #glossierpink #pantonecoloroftheyear2016 … https://www. instagram.com/p/BJbl9t5BFgX/",,,#ihavethisthingwithpink #tumblrpink #glossierpink #pantonecoloroftheyear2016,"767881554299281408",https://twitter.com/thetrendcourt/status/767881554299281408
,2016-08-18 08:13,0,0,"The best little bag glossier #glossierpink @Dimes https://www. instagram.com/p/BJQTF6-gv2g/",,@Dimes,#glossierpink,"766291940602179584",https://twitter.com/maristellago/status/766291940602179584
,2016-08-15 18:47,0,0,"Soaking up the last days of summer #glossierinthewild #glossierpink #glossier … https://www. instagram.com/p/BJJtTUZhir6/",,,#glossierinthewild #glossierpink #glossier,"765364414287523840",https://twitter.com/thetrendcourt/status/765364414287523840
,2016-08-15 17:27,0,1,"Pink to make the boys wink. #glossier #glossierpink @Hope Windsor Motel https://www. instagram.com/p/BJJkImngbJU/",,@Hope,#glossier #glossierpink,"765344250246619138",https://twitter.com/thatgracegirl/status/765344250246619138
,2016-08-06 05:43,0,2,"#Glossierpink Simple/Glowing Makeup Look https://www. bloglovin.com/blog/post/1309 2821/5052135591 … on @bloglovin",,@bloglovin,#Glossierpink,"761905583171796992",https://twitter.com/NLjuljduraj/status/761905583171796992
,2016-08-05 02:11,0,0,"glamlove: Blog update! Back to #pinks by hyukta http:// bit.ly/2amVSbp #glossierpink #makeup #beauty #beautyblogger #bloggerPH",,,#pinks #glossierpink #makeup #beauty #beautyblogger #bloggerPH,"761489897974792192",https://twitter.com/hyukta/status/761489897974792192
,2016-08-05 01:45,0,0,"Blog update! Back to #pinks by @hyukta http:// bit.ly/2amVSbp #glossierpink #makeup #beauty #beautyblogger #bloggerPH",,@hyukta,#pinks #glossierpink #makeup #beauty #beautyblogger #bloggerPH,"761483152082685952",https://twitter.com/glamlove/status/761483152082685952
,2016-08-03 21:24,0,0,"NEWWWWWW @glossier #glossierpink pic.twitter.com/OsWn2fnyWI",,@glossier,#glossierpink,"761055222751907843",https://twitter.com/kyelle_gabs/status/761055222751907843
,2016-07-30 08:16,0,0,"Indie Beauty Brands You Should Know About @Glossier http:// frugalistablog.com/indie-beauty-b rands-you-should-know-about/ … #glossierpink",,@Glossier,#glossierpink,"759407287744081920",https://twitter.com/frugieblog/status/759407287744081920
,2016-07-29 10:20,0,2,"New blog post The Colour Pink go and check it out http:// lottieluvsbeauty.blogspot.co.uk / #glossierpink",,,#glossierpink,"759076151084003330",https://twitter.com/lottieluvsbeaut/status/759076151084003330
,2016-07-27 12:48,0,0,"New post coming soon #makeup #glossierpink #pink #girly #beauty #beautyblogger #bathandbodyworks … https://www. instagram.com/p/BIYJFwCh4nx/",,,#makeup #glossierpink #pink #girly #beauty #beautyblogger #bathandbodyworks,"758388652497997825",https://twitter.com/CindyMadrid08/status/758388652497997825
,2016-07-24 00:16,0,0,"http:// adabofeverything.blogspot.co.uk/2016/07/glossi erpink.html … #sundayblogshare #bbloggers #fbloggers #lbloggers #glossierpink",,,#sundayblogshare #bbloggers #fbloggers #lbloggers #glossierpink,"757112107183640576",https://twitter.com/ddltho/status/757112107183640576
,2016-07-23 09:20,0,0,"Check out my latest post http:// adabofeverything.blogspot.co.uk/2016/07/glossi erpink.html … #bbloggers #fbloggers #lbloggers #glossierpink",,,#bbloggers #fbloggers #lbloggers #glossierpink,"756886631865421825",https://twitter.com/ddltho/status/756886631865421825
,2016-07-22 06:16,0,0,"NEW POST! http:// adabofeverything.blogspot.co.uk/2016/07/glossi erpink.html … #bbloggers #fbloggers #lbloggers #glossierpink",,,#bbloggers #fbloggers #lbloggers #glossierpink,"756477935138189312",https://twitter.com/ddltho/status/756477935138189312
,2016-07-20 08:09,0,0,"#glossierpink @glossier http:// adabofeverything.blogspot.co.uk/2016/07/glossi erpink.html …",,@glossier,#glossierpink,"755781740422135808",https://twitter.com/oksabz/status/755781740422135808
,2016-07-20 08:09,0,0,"I just posted: http:// adabofeverything.blogspot.co.uk/2016/07/glossi erpink.html … #bbloggers #glossierpink @glossier",,@glossier,#bbloggers #glossierpink,"755781584436027396",https://twitter.com/ddltho/status/755781584436027396
,2016-07-19 10:36,0,0,"Summer essentials. #glossierpink @Tumwater; Washington https://www. instagram.com/p/BIDTkpFAVoe/",,@Tumwater,#glossierpink,"755456207268306944",https://twitter.com/Tacy28/status/755456207268306944
,2016-07-19 06:50,0,0,"#pink #glossierpink #makeup https://www. instagram.com/p/BIC5xFaBTF4/",,,#pink #glossierpink #makeup,"755399463951175681",https://twitter.com/CindyMadrid08/status/755399463951175681
,2016-07-19 06:39,0,0,"we're finally glossier girls #glossierpink #glossierinparis pipi_de_merrill… https://www. instagram.com/p/BHe_04pjiRt/",,,#glossierpink #glossierinparis,"755396651083259904",https://twitter.com/alexkateberry/status/755396651083259904
,2016-07-18 13:23,0,0,"What do you guys think of the new post? http://www. styleblog102.wordpress.com #GlossierPink",,,#GlossierPink,"755135824182718464",https://twitter.com/BeautyChaos16/status/755135824182718464
,2016-07-18 09:32,0,0,"IT'S HERE! Check out this week's post on StyleBlog102! #GlossierPink http:// wp.me/p5plUQ-bm",,,#GlossierPink,"755077775099179009",https://twitter.com/BeautyChaos16/status/755077775099179009
,2016-07-18 09:31,0,0,"IT'S HERE! Check out this week's post on StyleBlog102! #GlossierPink http:// wp.me/p5plUQ-bm",,,#GlossierPink,"755077661089595392",https://twitter.com/koolcurlie1/status/755077661089595392
,2016-07-18 09:14,0,0,"#GlossierPink Room Tour https:// styleblog102.wordpress.com/2016/07/18/glo ssierpink-room-tour … pic.twitter.com/bmiYlPqQmK",,,#GlossierPink,"755073287424647168",https://twitter.com/BeautyChaos16/status/755073287424647168
,2016-07-18 09:14,0,0,"#GlossierPink Room Tour https:// styleblog102.wordpress.com/2016/07/18/glo ssierpink-room-tour … pic.twitter.com/V7cQla4uqv",,,#GlossierPink,"755073268416065536",https://twitter.com/koolcurlie1/status/755073268416065536
,2016-07-13 22:03,0,3,"on wednesdays we wear pink I've teamed up w @glossier to showcase how I style #glossierpink http:// djkittymakeup.blogspot.com/2016/07/on-wed nesdays-we-wear-pink-glossierpink.html … pic.twitter.com/5KQ61CONOs",,@glossier,#glossierpink,"753454827049406464",https://twitter.com/makeupbyKitty_/status/753454827049406464
,2016-07-07 01:34,0,1,"#glossierpink https://www. instagram.com/p/BHjcENhAJJc/",,,#glossierpink,"750971284717199361",https://twitter.com/SamanthaDsts/status/750971284717199361
,2016-07-04 05:15,0,3,"My first post back from holiday is up on my #blog I am taking part in #glossierpink @glossier is a beauty brand with amazing morals!",,@glossier,#blog #glossierpink,"749939589222129665",https://twitter.com/emmyeverafter11/status/749939589222129665
,2016-06-30 23:04,0,3,"#glossierpink https:// youtu.be/8lOxp7LB6KM",,,#glossierpink,"748759143897378816",https://twitter.com/ginamei/status/748759143897378816
,2016-06-29 21:01,0,0,"#glossierpink @Sloat Garden Center https://www. instagram.com/p/BHQ7NiNDvnl/",,@Sloat,#glossierpink,"748365763132661761",https://twitter.com/halidegloss/status/748365763132661761
,2016-06-28 09:58,0,0,"Specials alfredtea #pinkflashesofdelight #glossierpink #alfredtea #gglocalgems #losangeles https://www. instagram.com/p/BHNKgSpje8N/",,,#pinkflashesofdelight #glossierpink #alfredtea #gglocalgems #losangeles,"747836495894089728",https://twitter.com/TaylorSterling/status/747836495894089728
,2016-06-27 16:22,0,0,"#glossierpink #glossier glossier #bath #lush #bathbomb #lavender #epsomsalt #mask … https://www. instagram.com/p/BHLOeSyh4eW/",,,#glossierpink #glossier #bath #lush #bathbomb #lavender #epsomsalt #mask,"747570935016808451",https://twitter.com/beautyandthebb/status/747570935016808451
,2016-06-27 15:53,0,1,"-s/o to @valeriedesrae for helping me slay a cute post coming this week! #djkittybeauty #glossierpink #bblog pic.twitter.com/VF25K1FBi4",,@valeriedesrae,#djkittybeauty #glossierpink #bblog,"747563472469164033",https://twitter.com/makeupbyKitty_/status/747563472469164033
,2016-06-23 23:58,0,3,"Stack @glossier boxes make a great nightstand. #glossierpink pic.twitter.com/3KkF2VRkSs",,@glossier,#glossierpink,"746236087836676096",https://twitter.com/brilsainz/status/746236087836676096
,2016-06-21 05:12,0,0,"#lipstick #lipgloss #liptint #clarins #dolcegabbana #glossier #glossierpink #generationg #crush … https://www. instagram.com/p/BG6oPy0JZ2t/",,,#lipstick #lipgloss #liptint #clarins #dolcegabbana #glossier #glossierpink #generationg #crush,"745227836424859648",https://twitter.com/buketyilmaz/status/745227836424859648
,2016-06-15 10:18,0,0,"dreaming in pink #greendalegarnet #spiralspice #ss16 #lookbook #glossierpink pic.twitter.com/OBECwkAxyg",,,#greendalegarnet #spiralspice #ss16 #lookbook #glossierpink,"743130497610600448",https://twitter.com/KathrynPurves/status/743130497610600448
,2016-06-07 19:22,0,1,"@glossier #glossierpink https:// twitter.com/theanthology/s tatus/740286531701596160 …",,@glossier,#glossierpink,"740368436447055876",https://twitter.com/galactic_cloud/status/740368436447055876
,2016-06-01 12:19,0,0,"#// #glossier #glossierpink #generationG #skincare #makeup #skinisin #beautyblog … https://www. instagram.com/p/BGFXPcljojV/",,,# #glossier #glossierpink #generationG #skincare #makeup #skinisin #beautyblog,"738087539722977280",https://twitter.com/nicki_frances/status/738087539722977280
,2016-05-19 12:12,0,0,"Pink is the best tasting color // @thepinkdiary #dspink #glossierpink http:// ift.tt/27EKyMq pic.twitter.com/7ypMEpUTYq",,@thepinkdiary,#dspink #glossierpink,"733374781970649089",https://twitter.com/DashHudson/status/733374781970649089
,2016-05-17 01:01,1,1,"Spring #GlossierPink #FOTD http:// ow.ly/WsM91004Ydf #thegirlgang @nwbloggers @thegirlganghq @liv_bloggers @bblogrt pic.twitter.com/Ao7MgGorSW",,@nwbloggers @thegirlganghq @liv_bloggers @bblogrt,#GlossierPink #FOTD #thegirlgang,"732481079232208896",https://twitter.com/AlishaValerie/status/732481079232208896
,2016-05-16 15:47,0,2,"#glossierpink on my slides! @glossier pic.twitter.com/hJlLVyusjr",,@glossier,#glossierpink,"732341730591281152",https://twitter.com/rinatd/status/732341730591281152
,2016-05-16 13:01,1,0,"Spring #GlossierPink #FOTD http:// ow.ly/WsM91004Ydf #thegirlgang @nwbloggers @thegirlganghq @liv_bloggers @bblogrt pic.twitter.com/UxsuE74PjZ",,@nwbloggers @thegirlganghq @liv_bloggers @bblogrt,#GlossierPink #FOTD #thegirlgang,"732299930149236736",https://twitter.com/AlishaValerie/status/732299930149236736
,2016-05-16 10:05,1,0,"Spring #GlossierPink #FOTD http:// ow.ly/WsM91004Ydf #thegirlgang @nwbloggers @thegirlganghq @liv_bloggers @bblogrt pic.twitter.com/vCUFHCiW4L",,@nwbloggers @thegirlganghq @liv_bloggers @bblogrt,#GlossierPink #FOTD #thegirlgang,"732255652584771584",https://twitter.com/AlishaValerie/status/732255652584771584
,2016-05-16 07:05,1,0,"Spring #GlossierPink #FOTD http:// ow.ly/WsM91004Ydf #thegirlgang @nwbloggers @thegirlganghq @liv_bloggers @bblogrt pic.twitter.com/G3ZO9yN9aB",,@nwbloggers @thegirlganghq @liv_bloggers @bblogrt,#GlossierPink #FOTD #thegirlgang,"732210336380686336",https://twitter.com/AlishaValerie/status/732210336380686336
,2016-05-16 04:00,2,0,"Spring #GlossierPink #FOTD http:// ow.ly/WsM91004Ydf #thegirlgang @nwbloggers @thegirlganghq @liv_bloggers @bblogrt pic.twitter.com/5BgtJup6AR",,@nwbloggers @thegirlganghq @liv_bloggers @bblogrt,#GlossierPink #FOTD #thegirlgang,"732163925823893504",https://twitter.com/AlishaValerie/status/732163925823893504
,2016-05-16 01:00,1,0,"Spring #GlossierPink #FOTD http:// ow.ly/WsM91004Ydf #thegirlgang @nwbloggers @thegirlganghq @liv_bloggers @bblogrt pic.twitter.com/wKZaj2Ak4B",,@nwbloggers @thegirlganghq @liv_bloggers @bblogrt,#GlossierPink #FOTD #thegirlgang,"732118529235931137",https://twitter.com/AlishaValerie/status/732118529235931137
,2016-05-15 16:47,0,1,"Spring #GlossierPink #FOTD http:// ow.ly/WsM91004Ydf #thegirlgang @nwbloggers @thegirlganghq @liv_bloggers @bblogrt pic.twitter.com/nhqLUn11uJ",,@nwbloggers @thegirlganghq @liv_bloggers @bblogrt,#GlossierPink #FOTD #thegirlgang,"731994361102209025",https://twitter.com/AlishaValerie/status/731994361102209025
,2016-05-15 13:13,0,1,"Mint just wanted some #glossierpink thrown in there #glossierinthewild #glossier … https://www. instagram.com/p/BFcN7FWjorv/",,,#glossierpink #glossierinthewild #glossier,"731940630973140996",https://twitter.com/nicki_frances/status/731940630973140996
,2016-05-15 11:48,0,1,"Lookin' good; Rose #glossierinthewild #glossier #glossierpink #glossiergirl #flowers … https://www. instagram.com/p/BFcENAJjotS/",,,#glossierinthewild #glossier #glossierpink #glossiergirl #flowers,"731919256384733184",https://twitter.com/nicki_frances/status/731919256384733184
,2016-05-15 04:05,0,0,"NEW BLOG POST | Everyday Spring #Makeup http:// ht.ly/4mTheB #FOTD #faceoftheday #glossier #glossierpink pic.twitter.com/VgSXy6pLH2",,,#Makeup #FOTD #faceoftheday #glossier #glossierpink,"731802625201606657",https://twitter.com/AlishaValerie/status/731802625201606657
,2016-05-13 12:54,0,2,"If @glossier had a physical store #glossierpink pic.twitter.com/NoU21EW1wQ",,@glossier,#glossierpink,"731210955464527873",https://twitter.com/rosssaaa3/status/731210955464527873
,2016-05-12 17:44,0,1,"Color theory #lifestyleblog #lifestyleblogger #colortheory #pink #glossierpink #beautyblog … https://www. instagram.com/p/BFU-h6bjosB/",,,#lifestyleblog #lifestyleblogger #colortheory #pink #glossierpink #beautyblog,"730921616767483904",https://twitter.com/nicki_frances/status/730921616767483904
,2016-05-10 18:15,0,0,"From the garden #peonies #glossier #glossierpink @Ashland; Virginia https://www. instagram.com/p/BFP4hi4LNOI/",,@Ashland,#peonies #glossier #glossierpink,"730204715976409088",https://twitter.com/chicarmoire/status/730204715976409088
,2016-05-09 07:31,0,1,"Got to throw a surprise Monday morning party for the rad glossier team Made #glossierpink rose… https://www. instagram.com/p/BFMKCUCplQQ/",,,#glossierpink,"729680277581250560",https://twitter.com/breakfastcrmnls/status/729680277581250560
,2016-05-08 17:25,0,0,"Vibes at @powells #glossierpink #yeswayrosé @Powell's City of Books https://www. instagram.com/p/BFKpMHZN9kJ/",,@powells @Powell,#glossierpink #yeswayrosé,"729467308532486145",https://twitter.com/ebmonson/status/729467308532486145
,2016-05-06 20:53,0,0,"The Glossier HQ Guide To Decorating Your Apartment https:// intothegloss.com/2016/05/glossi er-office-design/?utm_source=feedburner … via @intothegloss #glossierpink #always pic.twitter.com/Pln8JYdNK4",,@intothegloss,#glossierpink #always,"728794932148740097",https://twitter.com/tammi_ireland/status/728794932148740097
,2016-04-29 12:16,0,0,"@JeffreeStar rocking #glossierpink hair! @glossier #jeffreestar #JeffreeStarCosmetics pic.twitter.com/FjlZD0KjmT",,@JeffreeStar @glossier,#glossierpink #jeffreestar #JeffreeStarCosmetics,"726128052585926656",https://twitter.com/vanessaaalarie/status/726128052585926656
,2016-04-29 02:09,0,0,"Pantone Pastel Pinks #glossierpink https://www. bloglovin.com/blog/post/1340 9195/4853753225 … on @bloglovin",,@bloglovin,#glossierpink,"725975252518457344",https://twitter.com/anotherbecky_/status/725975252518457344
,2016-04-29 01:46,0,1,"Pantone Pastel Pinks #glossierpink - @glossier #bbloggers #fbloggers #rosequartz https:// anotheronecalledbecky.wordpress.com/2016/04/29/pan tone-pastel-pinks-glossierpink … pic.twitter.com/WOTZWKhIgo",,@glossier,#glossierpink #bbloggers #fbloggers #rosequartz,"725969369000333313",https://twitter.com/anotherbecky_/status/725969369000333313
,2016-04-27 04:37,0,0,"BLOGGED: A few of my fave "Pink" make up products http:// fave.co/1SrPuh7 @glossier #bbloggers @OPINAILSUK @johnlewisretail #glossierpink",,@glossier @OPINAILSUK @johnlewisretail,#bbloggers #glossierpink,"725287826414260225",https://twitter.com/Claire_E_Ellis/status/725287826414260225
,2016-04-22 11:03,0,0,"Check out my latest @glossier review on the blog now! #glossierpink #boybrow http:// twilightdelight.tumblr.com/post/143221365 455/feature-friday-glossier-makeup … pic.twitter.com/oGjajFf7yl",,@glossier,#glossierpink #boybrow,"723572925534752772",https://twitter.com/LooksByLi/status/723572925534752772
,2016-04-22 09:53,0,0,"#FeatureFriday post is Live on my blog! #glossierpink #nofilterjustglossier http:// twilightdelight.tumblr.com/post/143221365 455/feature-friday-glossier-makeup … pic.twitter.com/HHogAMlw9P",,,#FeatureFriday #glossierpink #nofilterjustglossier,"723555271306522625",https://twitter.com/LooksByLi/status/723555271306522625
,2016-04-21 13:01,0,0,"Glossier Favorites @glossier #glossierpink #browngirlfriendly http:// adiaadores.com/glossier-favor ites/ … http:// fb.me/5TyLwvO75",,@glossier,#glossierpink #browngirlfriendly,"723240222146715648",https://twitter.com/AdiaAdores/status/723240222146715648
,2016-04-21 13:01,1,0,"Glossier Favorites @glossier #glossierpink #browngirlfriendly http:// adiaadores.com/glossier-favor ites/ … pic.twitter.com/Zkc737L6Hm",,@glossier,#glossierpink #browngirlfriendly,"723240165968216065",https://twitter.com/AdiaAdores/status/723240165968216065
,2016-04-19 11:33,1,0,"#glossierpink #santamariaassunta #siena #Tuscany #italy #details #tuscany pic.twitter.com/kC0kZ5P9BP",,,#glossierpink #santamariaassunta #siena #Tuscany #italy #details #tuscany,"722493296682119169",https://twitter.com/WeTuscany/status/722493296682119169
,2016-04-16 09:03,0,0,"#GlossierPink : A Spring Makeup Tutorial https:// melissahoffmanbeauty.wordpress.com/2016/04/16/glo ssierpink-a-spring-makeup-tutorial … pic.twitter.com/V0NRNhViZz",,,#GlossierPink,"721368403370323968",https://twitter.com/melissahbeauty/status/721368403370323968
,2016-04-16 09:03,0,0,"#GlossierPink : A Spring Makeup Tutorial https:// melissahoffmanbeauty.wordpress.com/2016/04/16/glo ssierpink-a-spring-makeup-tutorial … pic.twitter.com/WGzTJx5WK1",,,#GlossierPink,"721368379156660225",https://twitter.com/melissaryanh/status/721368379156660225
,2016-04-15 07:04,0,0,"HHH 何美心 on Instagram: “a very pretty power breakfast #glossierpink @evaalt @katherine_hanes ... http:// fb.me/VonU0qCB",,@evaalt @katherine_hanes,#glossierpink,"720976061480243200",https://twitter.com/monumentsinking/status/720976061480243200
,2016-04-13 15:34,1,0,"Skin is in #glossier #glossierpink #bedfordave https://www. instagram.com/p/BEKElLfjyk0/",,,#glossier #glossierpink #bedfordave,"720379607300448256",https://twitter.com/nicjanisch/status/720379607300448256
,2016-04-10 13:58,0,0,"Getting ready for Monday with @glossier #glossier #glossierpink pic.twitter.com/QFieTWHDkz",,@glossier,#glossier #glossierpink,"719268383988944896",https://twitter.com/byjacquelineho/status/719268383988944896
,2016-04-09 15:50,0,0,"#glossierpink https:// twitter.com/wwd/status/718 846003055431680 …",,,#glossierpink,"718934081023655937",https://twitter.com/clairebearburke/status/718934081023655937
,2016-04-07 04:43,0,0,"I spy with my little #glossierpink ! @glossier pic.twitter.com/W6qUhQYfv6",,@glossier,#glossierpink,"718041404413386753",https://twitter.com/pocketweets/status/718041404413386753
,2016-04-06 18:39,0,0,"Pink Haze #Glossierpink https:// melbellblogs.wordpress.com/2016/04/07/pin k-haze-glossierpink/ … via @wordpressdotcom",,@wordpressdotcom,#Glossierpink,"717889383999754240",https://twitter.com/melbellblogs/status/717889383999754240
,2016-03-29 13:10,0,1,"YES to today's subway takeover! NYC is turning #glossierpink and it's amazing. @glossier",,@glossier,#glossierpink,"714907528409268225",https://twitter.com/ayschult/status/714907528409268225
,2016-03-28 16:20,0,0,"Spring has sprung & it's #glossierpink ! @glossier pic.twitter.com/uUMz0pAt32",,@glossier,#glossierpink,"714592912210845696",https://twitter.com/The0ptimist/status/714592912210845696
,2016-03-28 13:56,8,51,"When @glossier takes over your subway station and you're all like #glossierpink #gl … http:// ift.tt/1MwILBE pic.twitter.com/c1VTG3aK1A",,@glossier,#glossierpink #gl,"714556717485408264",https://twitter.com/heleneisfor/status/714556717485408264
,2016-03-13 17:13,0,2,"#glossierpink pic.twitter.com/h7aK7T2tLi",,,#glossierpink,"709170497796313089",https://twitter.com/lizrmh/status/709170497796313089
,2016-03-12 09:33,1,2,"On that #glossierpink : "we wanted to reappropriate pink: make it a neutral; cool; & not too girly." #SXstyle #mmcsxsw @glossier",,@glossier,#glossierpink #SXstyle #mmcsxsw,"708707469225119744",https://twitter.com/arifinlay/status/708707469225119744
,2016-03-12 09:33,1,1,"On signature #glossierpink packaging: We wanted to create a neutral. Went through @pantone book and landed on 705C; diluted it 10% @glossier",,@pantone @glossier,#glossierpink,"708707449050505216",https://twitter.com/jesshuntralston/status/708707449050505216
,2016-03-11 09:45,0,0,"Like @glossier and the colour pink? Checkout today's #glossierpink inspired post! http:// goo.gl/yxrGHa pic.twitter.com/uswWaAVkcT",,@glossier,#glossierpink,"708348043318284288",https://twitter.com/lipstick_robyn/status/708348043318284288
,2016-03-11 05:06,1,2,"My #GlossierPink Round-Up is on the blog! #bbloggersca #bblogger http:// lipstickonthelake.com/2016/03/11/glo ssierpink-round-up/ … pic.twitter.com/PSDEamXNIU",,,#GlossierPink #bbloggersca #bblogger,"708277877335154688",https://twitter.com/lipstick_robyn/status/708277877335154688
,2016-03-11 00:28,0,2,"New post up on the blog today! My Go-To Pink Lip Products http:// wp.me/p4GDFg-Vq #bbloggers #glossierpink pic.twitter.com/fXNXgKqbDz",,,#bbloggers #glossierpink,"708208049182216192",https://twitter.com/deniselyrablog/status/708208049182216192
,2016-03-09 15:27,0,0,"#Glossier review up on the blog now #glossierpink #maskforce #milkyjelly http:// ift.tt/1LS5lod pic.twitter.com/yxRBg2T17i",,,#Glossier #glossierpink #maskforce #milkyjelly,"707709313687687172",https://twitter.com/brushandbullet/status/707709313687687172
,2016-03-09 15:20,0,0,"Glossier review on the blog now #Glossier #glossierpink #milkyjelly #maskforce http:// ift.tt/1M7vXMO pic.twitter.com/LtKI3op89v",,,#Glossier #glossierpink #milkyjelly #maskforce,"707707687430168576",https://twitter.com/brushandbullet/status/707707687430168576
,2016-03-09 15:17,0,0,"@glossier I spy some #glossierpink in the sky! #glossier #pinksky pic.twitter.com/Iz4BBt4XyE",,@glossier,#glossierpink #glossier #pinksky,"707706891347095556",https://twitter.com/The0ptimist/status/707706891347095556
,2016-03-08 06:01,0,1,"NEW POST! Check out my pink favourites for #glossierpink #bbloggers #lbloggers #thegirlgang http:// amberlouisee.blogspot.com/2016/03/blog-p ost.html … pic.twitter.com/0iJeI1xhqW",,,#glossierpink #bbloggers #lbloggers #thegirlgang,"707204488126341120",https://twitter.com/amber_louise_94/status/707204488126341120
,2016-03-04 15:01,0,0,"Oh so feminine #glossierpink #balmdotcom #glossier https://www. instagram.com/p/BCjH3dJFwcP/",,,#glossierpink #balmdotcom #glossier,"705890880884838400",https://twitter.com/thetrendcourt/status/705890880884838400
,2016-03-04 13:23,0,0,"seemed fitting to take my balm dotcom to the beach #glossier #glossierpink #lipbalm … https://www. instagram.com/p/BCi8u50J3Dh/",,,#glossier #glossierpink #lipbalm,"705866388120969216",https://twitter.com/melcubby/status/705866388120969216
,2016-03-03 09:34,0,0,"When you look up the hex code for #glossierpink so that you can style all your apps.",,,#glossierpink,"705446372959342592",https://twitter.com/Sarah__JS/status/705446372959342592
,2016-03-02 14:09,0,0,"The Most Prestigious School in the World: Glossier Prep glossier @emilywweiss #glossierpink … https://www. instagram.com/p/BCd4WAZg9Yu/",,@emilywweiss,#glossierpink,"705153049665409024",https://twitter.com/thechicmachine/status/705153049665409024
,2016-02-29 12:22,0,2,"I did a MOTD for Winter feat. some #glossierpink items; on my blog ( http:// alittledoseofmakeup.co … http:// bit.ly/1oTBUbd pic.twitter.com/p8eWcoIH2o",,,#glossierpink,"704401461145378820",https://twitter.com/themakeupfeed/status/704401461145378820
,2016-02-28 09:14,0,0,"Stickers by @glossier . Amazing skincare for an amazing glow #glossier #glossierpink 20% off: http:// bff.glossier.com/dztdx pic.twitter.com/HeEvizSvy5",,@glossier,#glossier #glossierpink,"703991556617928705",https://twitter.com/The0ptimist/status/703991556617928705
,2016-02-28 03:00,1,3,"New post up on my blog! | MOTD | Winter | #GlossierPink http:// bit.ly/1n7g7uW pic.twitter.com/bUm33zWBwj",,,#GlossierPink,"703897497933111296",https://twitter.com/themakeupfeed/status/703897497933111296
,2016-02-27 18:52,0,0,"Pretty pricks // @glossier #glossierpink http:// ift.tt/1QkNuGg pic.twitter.com/EFJwrILnJX",,@glossier,#glossierpink,"703774817389047809",https://twitter.com/DashHudson/status/703774817389047809
,2016-02-23 09:09,0,0,"RT https:// twitter.com/thechicmachine /status/702174534103859200 … I've got mine; do you have yours? glossier #glossierpink #fbloggers #bbloggers #beauty … pic.twitter.com/7s5KvvcCxJ",,,#glossierpink #fbloggers #bbloggers #beauty,"702178510752849920",https://twitter.com/topbeautycares/status/702178510752849920
,2016-02-23 08:53,0,0,"I've got mine; do you have yours? @glossier #glossierpink #fbloggers #bbloggers #beauty #skincare #style pic.twitter.com/hxxG0dASwM",,@glossier,#glossierpink #fbloggers #bbloggers #beauty #skincare #style,"702174534103859200",https://twitter.com/thechicmachine/status/702174534103859200
,2016-02-22 10:54,0,0,"#glossier #glossierpink #balmdotcom #crueltyfree #bblogger #bbloggers #pink #instabeauty https://www. instagram.com/p/BCGW46pSlaI/",,,#glossier #glossierpink #balmdotcom #crueltyfree #bblogger #bbloggers #pink #instabeauty,"701842517172551680",https://twitter.com/everythingcaila/status/701842517172551680
,2016-02-16 21:37,1,0,"OUTFIT: How I #glossierpink http:// dlvr.it/KX6qCx",,,#glossierpink,"699829926677995520",https://twitter.com/BeautyFashion6/status/699829926677995520
,2016-02-16 14:47,0,0,"O U T F I T: How I #glossierpink https://www. bloglovin.com/blog/post/3721 273/4755909971 … on @bloglovin",,@bloglovin,#glossierpink,"699726866144501762",https://twitter.com/neonstylefox/status/699726866144501762
,2016-02-09 10:15,0,0,"Hey @glossier we're suckers for your #Skincare http:// bit.ly/20IJPZR #Beauty #Glow #Love #GlossierPink pic.twitter.com/5PcMLQuozb",,@glossier,#Skincare #Beauty #Glow #Love #GlossierPink,"697121756918644738",https://twitter.com/veritepublished/status/697121756918644738
,2016-02-06 09:30,25,65,"#glossierpink ; that is. pic.twitter.com/a7olsYIcfr",,,#glossierpink,"696023189193936897",https://twitter.com/glossier/status/696023189193936897
,2016-02-01 10:33,0,0,"feel it #glossierpink #texture https://www. instagram.com/p/BBQPx8IOq-2/",,,#glossierpink #texture,"694227071195742209",https://twitter.com/RFMB/status/694227071195742209
,2016-02-01 09:53,0,0,"@glossier #GIVEAWAY #bbloggers #beauty #skincare #fbloggers #glossierpink #NoMakeupMonday http:// wp.me/p4aI6P-sU",,@glossier,#GIVEAWAY #bbloggers #beauty #skincare #fbloggers #glossierpink #NoMakeupMonday,"694217035484663808",https://twitter.com/thechicmachine/status/694217035484663808
,2016-02-01 06:22,0,0,"Having an @glossier giveaway! Go check it out! #glossierpink #bbloggers #beauty #skincare #fbloggers https:// gleam.io/8IGUk/glossier -giveaway …",,@glossier,#glossierpink #bbloggers #beauty #skincare #fbloggers,"694163906131009536",https://twitter.com/thechicmachine/status/694163906131009536
,2016-02-01 06:03,0,0,"Glossier Giveaway! #bbloggers #skincare #beauty #glossierpink https:// thechicmachine.wordpress.com/2016/02/01/glo ssier-giveaway/ …",,,#bbloggers #skincare #beauty #glossierpink,"694159049248608257",https://twitter.com/thechicmachine/status/694159049248608257
,2016-01-25 06:12,0,0,"Product Review: @glossier Milky Jelly Cleanser #skincare #glossierpink #bbloggers #beauty https:// thechicmachine.wordpress.com/2016/01/25/pro duct-review-glossiers-milky-jelly-cleanser-soothing-face-mist/ … pic.twitter.com/QwSuZo3ETJ",,@glossier,#skincare #glossierpink #bbloggers #beauty,"691624711520784388",https://twitter.com/thechicmachine/status/691624711520784388
,2016-01-20 19:06,0,0,"Fuzzy hug #teddybear #hug #fuzzy #pink #calentito #abrazable #texture #textura #pink #palepink #glossierpink #gl … pic.twitter.com/67xNdqHcqV",,,#teddybear #hug #fuzzy #pink #calentito #abrazable #texture #textura #pink #palepink #glossierpink #gl,"690007508954566657",https://twitter.com/StuffedTeddy/status/690007508954566657
,2016-01-17 15:22,0,0,"@glossier is perf for your skin needs. 20% off your 1st purchase: http:// bff.glossier.com/c5Cwk #glossierpink #bbloggers pic.twitter.com/zhNS1QI5CZ",,@glossier,#glossierpink #bbloggers,"688863985983221761",https://twitter.com/thechicmachine/status/688863985983221761
,2016-01-17 13:18,0,0,"Packing for a #longweekend away #mini #vacation #glossierpink glossier @emilywweiss https://www. instagram.com/p/BAp6ulXA9aQ/",,@emilywweiss,#longweekend #mini #vacation #glossierpink,"688832745699721221",https://twitter.com/thechicmachine/status/688832745699721221
,2016-01-15 05:36,0,0,"Avo & halloumi salad #glossierpink @http:// ASOS.com https://www. instagram.com/p/BAj8QN4scx9/",,@http,#glossierpink,"687991671494197248",https://twitter.com/Alisha____K/status/687991671494197248
,2016-01-15 05:34,0,1,"Avo & halloumi salad #glossierpink @http:// ASOS.com https://www. instagram.com/p/BAj8GzYscxq/",,@http,#glossierpink,"687991348490801152",https://twitter.com/Alisha____K/status/687991348490801152
,2016-01-13 03:53,0,0,"On a backdrop of #glossierpink #minireview #andotherstories #glitterlipgloss #beautyblogger https:// rosewatersaffron.wordpress.com/2016/01/12/oth er-stories-glittery-lipgloss/ … pic.twitter.com/uSOpIqi2wI",,,#glossierpink #minireview #andotherstories #glitterlipgloss #beautyblogger,"687240992987176960",https://twitter.com/ShararehRWS/status/687240992987176960
,2016-01-12 09:40,1,5,"B A L A N C E + = @emilywweiss 's definition of #balance is totally on @intothegloss @glossier #glossierpink pic.twitter.com/u5kWuM6Ak6",,@emilywweiss @intothegloss @glossier,#balance #glossierpink,"686965870363541504",https://twitter.com/LTRLLYOBSSED/status/686965870363541504
,2016-01-10 11:14,0,1,"I don't know two of the people shown here #glossierpink pic.twitter.com/SVGV9hYQYM",,,#glossierpink,"686264847760257024",https://twitter.com/sherriehang/status/686264847760257024
,2015-12-30 11:19,0,1,"Like red; but not quite. #lovestylelife #glossierpink https://www. instagram.com/p/_7W0PLKK8b/",,,#lovestylelife #glossierpink,"682279854419632129",https://twitter.com/heleneisfor/status/682279854419632129
,2015-12-20 10:22,0,2,"Better than a box of chocolates; thank you glossier !!!!!! #glossier #glossiergirl #glossierpink … https://www. instagram.com/p/_hgZ1OlOks/",,,#glossier #glossiergirl #glossierpink,"678641755634421760",https://twitter.com/TamiraJarrel/status/678641755634421760
,2015-12-19 14:23,0,1,"Post show pink glow #glossierpink @Grand Rapids; Michigan https://www. instagram.com/p/_fXKDnjUb5/",,@Grand,#glossierpink,"678339945774366720",https://twitter.com/emilyleonarose/status/678339945774366720
,2015-12-18 10:25,1,16,"“heaven is a place on earth and it’s #glossierpink ” http:// Instagram.com/jayhillary pic.twitter.com/x0K6kOq3H9",,,#glossierpink,"677917508452622336",https://twitter.com/glossier/status/677917508452622336
,2015-12-16 15:01,0,0,"RT @glossier : <3 NORTH &lt ;3 #glossierpink pic.twitter.com/LjZtfPIIfv",,@glossier,#glossierpink,"677262398647062529",https://twitter.com/LuckyMeCandy/status/677262398647062529
,2015-12-16 14:14,14,56,"<3 NORTH <3 #glossierpink pic.twitter.com/9IHWnKeJ19",,,#glossierpink,"677250356330561536",https://twitter.com/glossier/status/677250356330561536
,2015-12-12 15:03,0,3,"Skincare @glossier glossier . #glossier #skincare #skinisin #boybrow #intothegloss #beyondexcited #glossierpink pic.twitter.com/AQS8vMJ6hq",,@glossier,#glossier #skincare #skinisin #boybrow #intothegloss #beyondexcited #glossierpink,"675813343655948288",https://twitter.com/Nadianewblack/status/675813343655948288
,2015-12-11 11:33,1,8,"Seems like our scene. #glossierpink c/o http:// Instagram.com/alilabelle pic.twitter.com/GAE7jFyFzf",,,#glossierpink,"675397915045707782",https://twitter.com/glossier/status/675397915045707782
,2015-12-10 21:29,0,1,"Christmas came early. Geeking out over @glossier #thesocialcat #TSKfiles #glossier #glossiergirl #glossierpink pic.twitter.com/wy6r5K6Yj2",,@glossier,#thesocialcat #TSKfiles #glossier #glossiergirl #glossierpink,"675185515784740864",https://twitter.com/thesocialkat/status/675185515784740864
,2015-12-08 08:33,0,1,"I <3 @Glossier Boy Brow and Priming Moisturizer! #glossierpink #bbloggers #skincare https:// thechicmachine.wordpress.com/2015/12/08/pro duct-review-glossiers-priming-moisturizer-and-boy-brow … pic.twitter.com/FKwsJAHpUO",,@Glossier,#glossierpink #bbloggers #skincare,"674265431184564224",https://twitter.com/thechicmachine/status/674265431184564224
,2015-12-03 10:59,0,0,"#glossierpink clouds https://www. instagram.com/p/-1zERJxRid/",,,#glossierpink,"672490345289146370",https://twitter.com/svmkvn/status/672490345289146370
,2015-12-03 10:27,11,54,"Don't you mean #glossierpink ? #pantone2016 pic.twitter.com/RYzTFKMmsm",,,#glossierpink #pantone2016,"672482204853919745",https://twitter.com/glossier/status/672482204853919745
,2015-12-03 10:06,3,17,"#pantone2016 meet #glossierpink",,,#pantone2016 #glossierpink,"672477047806144512",https://twitter.com/glossier/status/672477047806144512
,2015-12-03 06:54,0,2,"So; basically; @pantone Color Of The Year is #glossierpink ? @glossier @EmilyWWeiss",,@pantone @glossier @EmilyWWeiss,#glossierpink,"672428801477988352",https://twitter.com/MariePLessard/status/672428801477988352
,2015-12-03 06:43,0,1,"#glossierpink 󾔿 Paris; France. rg @pretty .set.go Source Credits : CLICK HERE [[ This is a content summary only.... http:// fb.me/70rmaQyfy",,@pretty,#glossierpink,"672426040715644935",https://twitter.com/trailersMEDIA/status/672426040715644935
,2015-12-03 06:31,0,17,"#glossierpink Paris; France. rg @pretty .set.go pic.twitter.com/43PYDE8rXq",,@pretty,#glossierpink,"672422908447301632",https://twitter.com/glossier/status/672422908447301632
,2015-12-01 17:54,0,0,"#glossierpink rg @marinedequenetain Source Credits : CLICK HERE [[ This is a content summary only. Visit my... http:// fb.me/4Rc9mYqRb",,@marinedequenetain,#glossierpink,"671870050786086912",https://twitter.com/trailersMEDIA/status/671870050786086912
,2015-12-01 17:06,1,21,"#glossierpink pic.twitter.com/26iQj8Ri7b",,,#glossierpink,"671858011401506816",https://twitter.com/glossier/status/671858011401506816
,2015-11-29 20:44,0,2,"poppy coffee rg @glossier #glossier #glossierpink #coffee #inspiration #pink #pretty #n … https:// twitter.com/poppycards pic.twitter.com/ox3ChTb45t",,@glossier,#glossier #glossierpink #coffee #inspiration #pink #pretty #n,"671188038626750464",https://twitter.com/abbeyfloorcare/status/671188038626750464
,2015-11-29 10:18,2,13,"Last call! #glossierpink manis available at @paintboxnails until 11/30 rg @EmilyWWeiss pic.twitter.com/BeEGq5waui",,@paintboxnails @EmilyWWeiss,#glossierpink,"671030523691683840",https://twitter.com/glossier/status/671030523691683840
,2015-11-28 16:42,0,2,"It feels like an everlasting weekend. #walls #glossierpink #parkslope https:// instagram.com/p/-piWf2HUjr/",,,#walls #glossierpink #parkslope,"670764738930982912",https://twitter.com/iamtravelsize/status/670764738930982912
,2015-11-26 10:14,0,0,"The referral deal has gone up!Here’s 25% off your first purchase at Glossier! #glossierpink http:// bff.glossier.com/c_9gD",,,#glossierpink,"669942362857050112",https://twitter.com/thechicmachine/status/669942362857050112
,2015-11-26 08:31,0,0,"Whoops! Make that right now!! @glossier sale PLUS FREE SHIPPING! http:// bff.glossier.com/c5Cwk #bbloggers #skincare #glossierpink",,@glossier,#bbloggers #skincare #glossierpink,"669916480495067136",https://twitter.com/thechicmachine/status/669916480495067136
,2015-11-22 18:00,0,1,"Great minds pink alike! // Spending our Sunday enjoying all #glossierpink everything. @glossier @IntoTheGloss pic.twitter.com/5qj2jiZ5wC",,@glossier @IntoTheGloss,#glossierpink,"668610071207645184",https://twitter.com/DrSamolitis/status/668610071207645184
,2015-11-13 15:55,0,5,"Virtual high five to whoever used my Glossier referral link! $10 store credit for me! #fbloggers #bbloggers #makeup #skincare #glossierpink",,,#fbloggers #bbloggers #makeup #skincare #glossierpink,"665317037028147202",https://twitter.com/thechicmachine/status/665317037028147202
,2015-11-04 12:21,0,1,"#valentino the king of queens #elmuseodiary #glossierpink @Soho; N.Y.C https:// instagram.com/p/9rRYe9girr/",,@Soho,#valentino #elmuseodiary #glossierpink,"662001711326740480",https://twitter.com/missann/status/662001711326740480
,2015-11-01 15:07,0,0,"Sundaze...finding the perfect shades of pink. #glossierpink #pinterest #sundaze #poppyfinch https:// instagram.com/p/9j1wu2mxNj/",,,#glossierpink #pinterest #sundaze #poppyfinch,"660956317545316352",https://twitter.com/thepoppyfinch/status/660956317545316352
,2015-11-01 14:25,0,0,"NYC friends! 󾆖 Glossier custom manicures 󾆖 available at @paintboxnails this month 󾍘 #glossierpink Source Credits... http:// fb.me/6ZZnlgumu",,@paintboxnails,#glossierpink,"660945885816188928",https://twitter.com/trailersMEDIA/status/660945885816188928
,2015-10-27 20:03,0,1,"@louistockhoIm @the1975 It's actually from @glossier #glossierpink - who; in my opinion; did it better ;)",,@louistockhoIm @the1975 @glossier,#glossierpink,"659203836050067456",https://twitter.com/norahenick/status/659203836050067456
,2015-10-22 09:49,0,1,"I had to do something with those stickers... #glossierpink #rosegold https:// instagram.com/p/9Ja1PJKtDJ/",,,#glossierpink #rosegold,"657237406224117761",https://twitter.com/marmnz/status/657237406224117761
,2015-10-21 07:18,9,20,"Still watching #glossierpink pic.twitter.com/PJyDppJgG9",,,#glossierpink,"656836853811703808",https://twitter.com/glossier/status/656836853811703808
,2015-10-20 08:48,0,2,"Photographing cosmetics using some natural light and an #iPhone 6 for jackerline_w #glossierpink … https:// instagram.com/p/9EKRLaCRVP/",,,#iPhone #glossierpink,"656497311518846976",https://twitter.com/chinngophoto/status/656497311518846976
,2015-10-14 09:15,0,2,"Ahhhh presale! @glossier #browpower #brows #boybrow #glossierpink pic.twitter.com/FtrVAZikuO",,@glossier,#browpower #brows #boybrow #glossierpink,"654329809124900864",https://twitter.com/thechicmachine/status/654329809124900864
,2015-10-14 05:00,1,7,"Coffee; marble; #glossierpink ! pic via http:// instagram.com/mallauryvittori pic.twitter.com/sVgwbdm58a",,,#glossierpink,"654265456497266688",https://twitter.com/glossier/status/654265456497266688
,2015-10-13 20:11,1,1,"I spy #glossierpink @sketchlondon in @VogueLiving ! http://www. vogue.com.au/vogue+living/e ntertaining/galleries/see+the+winners+of+the+2015+restaurant+and+bar+design+awards;37651 … pic.twitter.com/QwzxyyKYm9",,@sketchlondon @VogueLiving,#glossierpink,"654132486180577280",https://twitter.com/gisellechilds/status/654132486180577280
,2015-10-10 13:20,0,0,"Weekend project: paint your walls #glossierpink (Benjamin Moore's Flush Pink is the shade to buy) Source Credits... http:// fb.me/7xYJJR4D0",,,#glossierpink,"652941850014121984",https://twitter.com/trailersMEDIA/status/652941850014121984
,2015-10-10 08:30,2,9,"Weekend project: paint your walls #glossierpink (try Benjamin Moore's Flush Pink) https:// instagram.com/alizacloff pic.twitter.com/6c9BB54dmZ",,,#glossierpink,"652868732281159680",https://twitter.com/glossier/status/652868732281159680
,2015-10-07 11:11,0,2,"A few of the #glossierpink items in my life. @glossier pic.twitter.com/LJrTCnmdk9",,@glossier,#glossierpink,"651822097442992128",https://twitter.com/girlofsaturday/status/651822097442992128
,2015-10-06 10:17,1,20,"Special #glossierpink ice cream for our 1st birthday! Thanks @VLAIC pic.twitter.com/FXAKE44K1G",,@VLAIC,#glossierpink,"651446112293888000",https://twitter.com/glossier/status/651446112293888000
,2015-10-04 09:13,1,7,"@glossier #glossierpink is perfect for early Sunday afternoons. pic.twitter.com/pG0sZPAAwJ",,@glossier,#glossierpink,"650705415534178304",https://twitter.com/girlofsaturday/status/650705415534178304
,2015-10-02 12:02,0,1,"Pink Is A Neutral http:// buff.ly/1O7gVdl via @intothegloss #glossierpink #fallbeauty pic.twitter.com/3g3zhUVAat",,@intothegloss,#glossierpink #fallbeauty,"650022991473057792",https://twitter.com/AskGlam/status/650022991473057792
,2015-09-25 06:14,0,0,"Feeling Girly #glossierpink #paintboxmani @paintboxnails #nails https:// instagram.com/p/8DgwNjt9hH/",,@paintboxnails,#glossierpink #paintboxmani #nails,"647398801116782592",https://twitter.com/ebmonson/status/647398801116782592
,2015-09-19 14:23,0,0,"#glossierpink 󾮍 backstage at Ekhaus Latta. rg @marigiudicelli Source Credits : CLICK HERE [[ This is a content... http:// fb.me/7y3tEsvke",,@marigiudicelli,#glossierpink,"645347383413358592",https://twitter.com/trailersMEDIA/status/645347383413358592
,2015-09-17 21:54,0,0,"psycho killer #glossierpink https:// instagram.com/p/7wl8GxrxKU/",,,#glossierpink,"644736201648414720",https://twitter.com/lxoir/status/644736201648414720
,2015-09-15 14:43,5,27,"@mansurgavriel #glossierpink pic.twitter.com/eFSuZEjCAr",,@mansurgavriel,#glossierpink,"643903104996495360",https://twitter.com/glossier/status/643903104996495360
,2015-09-14 15:44,4,19,"#glossierpink pic.twitter.com/P7KTyVWMcy",,,#glossierpink,"643556015921872896",https://twitter.com/glossier/status/643556015921872896
,2015-09-08 17:29,0,0,"good night internet angels. #3for1 #ladiesnight #tushytuesday #glossierpink special. don't forget… https:// instagram.com/p/7Y8bM3k8iv/",,,#3for1 #ladiesnight #tushytuesday #glossierpink,"641407938314244096",https://twitter.com/gmgn_nyc/status/641407938314244096
,2015-09-07 07:52,0,0,"Glossier is going international!! #glossierpink http://www. businessoffashion.com/articles/intel ligence/glossier-into-the-gloss-beauty-brand-emily-weiss … via @BoF #bbloggers #beauty #skincare",,@BoF,#glossierpink #bbloggers #beauty #skincare,"640900339919638528",https://twitter.com/thechicmachine/status/640900339919638528
,2015-09-06 03:03,0,0,"Photo: Mss Little Sunshine #kit #msslittlesunshine #vallet #glossierpink #palepink #arenal #windowdisplay ... http:// tmblr.co/ZkpTkw1tfQMcQ",,,#kit #msslittlesunshine #vallet #glossierpink #palepink #arenal #windowdisplay,"640465460203532288",https://twitter.com/SilviaPrez1986/status/640465460203532288
,2015-09-01 04:40,0,2,"New @EddieBorgo #glossierpink pic via @wmag pic.twitter.com/I4tiHM6Zj9",,@EddieBorgo @wmag,#glossierpink,"638677916914745344",https://twitter.com/glossier/status/638677916914745344
,2015-08-13 10:13,0,1,"Deskside: Emily Weiss - The Coveteur http://www. thecoveteur.com/emily-weiss-gl ossier/ … via @thecoveteur #girlboss #glossierpink",,@thecoveteur,#girlboss #glossierpink,"631876287632531458",https://twitter.com/AnnaLKeller/status/631876287632531458
,2015-08-07 11:23,1,0,"obsessed with all my new products from glossier #glossier #glossierpink @intothegloss @emilywweiss https:// instagram.com/p/6F5GG2iP33/",,@intothegloss @emilywweiss,#glossier #glossierpink,"629719406365515776",https://twitter.com/CallieReiff/status/629719406365515776
,2015-07-26 14:16,0,0,"How do you say pink in German? #glossierpink Source Credits : CLICK HERE [[ This is a content summary only. Visit... http:// fb.me/4ld3VaiuJ",,,#glossierpink,"625414515153186816",https://twitter.com/trailersMEDIA/status/625414515153186816
,2015-07-19 17:49,0,0,"Nightie Night #glossierpink https:// instagram.com/p/5VqNBpIh-d/",,,#glossierpink,"622931257849184256",https://twitter.com/notanudist/status/622931257849184256
,2015-07-19 17:10,0,0,"#glossierpink #streetsofsf https:// instagram.com/p/5VlVVfiFP3/",,,#glossierpink #streetsofsf,"622921562040213504",https://twitter.com/alainabubayna/status/622921562040213504
,2015-07-15 07:11,0,0,"All about that #glossierpink @Glossier Summer Pop-up https:// instagram.com/p/5KOCqLH7qb/",,@Glossier,#glossierpink,"621321217623130112",https://twitter.com/Elizabethann1/status/621321217623130112
,2015-06-22 23:33,0,0,"* summer apricot + #glossierpink en route to #TheMignonnes // thanks #Glossier !!! #coconutbalmdotcom #clozette #b … pic.twitter.com/MCZxd5MTer",,,#glossierpink #TheMignonnes #Glossier #coconutbalmdotcom #clozette #b,"613233302019919877",https://twitter.com/TheMissAS/status/613233302019919877
,2015-06-19 07:35,0,1,"We did it! Now onto round 2! @glossier #fbloggers #bbloggers #beauty #makeup #skincare #glossierpink pic.twitter.com/c374IABthD",,@glossier,#fbloggers #bbloggers #beauty #makeup #skincare #glossierpink,"611905221556436992",https://twitter.com/thechicmachine/status/611905221556436992
,2015-06-18 22:08,0,0,"I NEED FREE @glossier !!!! #bbloggers #fbloggers #beauty #skincare #glossierpink http:// smellslikevacation.glossier.com/7c3437ad",,@glossier,#bbloggers #fbloggers #beauty #skincare #glossierpink,"611762580122566656",https://twitter.com/thechicmachine/status/611762580122566656
,2015-06-17 08:50,0,0,"看起來很好吃的巧克力，是綜合水果Bar。 #gift #snake #snakebites #chocolate #royce #pink #glossierpink #pinkaholic … https:// instagram.com/p/4CTJaiGZ6g/",,,#gift #snake #snakebites #chocolate #royce #pink #glossierpink #pinkaholic,"611199344772050944",https://twitter.com/Doughnutdoll/status/611199344772050944
,2015-06-10 15:03,1,3,"Thanks @garrettleight for my #glossierpink glasses https:// instagram.com/p/3w8O4JnJCZ/",,@garrettleight,#glossierpink,"608756417751863296",https://twitter.com/EmilyWWeiss/status/608756417751863296
,2015-06-05 11:47,0,0,"#glossierpink cactus in Vegas. Now LA bound and still loving the West. https:// instagram.com/p/3jt3RnMjTF/",,,#glossierpink,"606895233343709184",https://twitter.com/esochko/status/606895233343709184
,2015-05-19 11:44,0,0,"@skeletonbride #glossierpink turtleneck",,@skeletonbride,#glossierpink,"600733674401832961",https://twitter.com/glossier/status/600733674401832961
,2015-05-11 12:35,3,10,"#glossierpink courtesy of #BakenekoNails —> https:// instagram.com/bakenekonails/ pic.twitter.com/WbVwnDT2Ti",,,#glossierpink #BakenekoNails,"597847398669508609",https://twitter.com/glossier/status/597847398669508609
,2015-05-06 15:45,1,29,"#glossierpink ceiling goals. pic.twitter.com/QVE7yvaor9",,,#glossierpink,"596083297806979073",https://twitter.com/glossier/status/596083297806979073
,2015-05-04 12:35,1,7,"Things we love: this #glossierpink Amelie Pichard clutch. pic.twitter.com/6RcFDfk27H",,,#glossierpink,"595310701821853696",https://twitter.com/glossier/status/595310701821853696
,2015-05-04 03:50,0,0,"@joellenlovee @RODINoliolusso Love that #glossierpink .",,@joellenlovee @RODINoliolusso,#glossierpink,"595178672610480128",https://twitter.com/glossier/status/595178672610480128
,2015-04-29 15:39,1,4,"#glossierpink is everywhere. Show us on Instagram. Pic via @carolynjames pic.twitter.com/pLNffpOdKj",,@carolynjames,#glossierpink,"593545263396036608",https://twitter.com/glossier/status/593545263396036608
,2015-04-24 11:45,0,3,"#glossierpink . Pic via @jomakeup pic.twitter.com/Xj5MA4IOVy",,@jomakeup,#glossierpink,"591674229990428672",https://twitter.com/glossier/status/591674229990428672
,2015-04-18 11:24,0,1,"Is having the people at Brooklyn Charm put together your necklace still #diy ? Anyway it's #glossierpink pic.twitter.com/mjFHJim8uS",,,#diy #glossierpink,"589494646029623296",https://twitter.com/meyerini/status/589494646029623296
,2015-04-14 16:56,0,0,"@glossier I want glossier in France #glossierpink #makeup #product #france #please",,@glossier,#glossierpink #makeup #product #france #please,"588128823381753856",https://twitter.com/nessylou18/status/588128823381753856
,2015-04-14 15:45,1,9,"Tag us! #glossierpink pic.twitter.com/E5ueVNxZFb",,,#glossierpink,"588110753489534976",https://twitter.com/glossier/status/588110753489534976
,2015-03-05 18:01,0,0,"@feeeeels painted her bathroom #glossierpink Good idea. https:// instagram.com/p/z3mTqdnJCf/",,@feeeeels,#glossierpink,"573664567974305792",https://twitter.com/EmilyWWeiss/status/573664567974305792
,2015-02-09 10:05,0,0,"#mondaymood #glossierpink http:// instagram.com/p/y48zeuM-KW/",,,#mondaymood #glossierpink,"564847578119176192",https://twitter.com/skinnyundrgd/status/564847578119176192
,2015-02-05 08:29,0,0,"barbie; you wish. #glossierpink paint job. #tbt | #traveloregon http:// instagram.com/p/yudn4SgpwR/",,,#glossierpink #tbt #traveloregon,"563373926903193600",https://twitter.com/meganoffduty/status/563373926903193600
,2015-01-14 05:38,0,0,"Curious about glossier? Our review of the #phase1set is live #glossier #glossierpink @intothegloss … http:// instagram.com/p/x1hoYMs-Po/",,@intothegloss,#phase1set #glossier #glossierpink,"555358411303706624",https://twitter.com/skinnyundrgd/status/555358411303706624
,2015-01-10 16:19,0,0,"Coming soon: #skinnyunderground reviews glossier @intothegloss #ITGtopshelfie #glossierpink #glossier … http:// instagram.com/p/xsXxOos-Dx/",,@intothegloss,#skinnyunderground #ITGtopshelfie #glossierpink #glossier,"554070088211775488",https://twitter.com/skinnyundrgd/status/554070088211775488
,2014-12-30 16:46,0,0,"@Lil_DRome @ALEXISPAGE @ThePink223Allen #glossierpink ;)",,@Lil_DRome @ALEXISPAGE @ThePink223Allen,#glossierpink,"550090551694225408",https://twitter.com/glossier/status/550090551694225408
,2014-12-28 22:17,0,0,"{ #glossierpink } paint job. http:// instagram.com/p/xLib2DAp2e/",,,#glossierpink,"549449204863881216",https://twitter.com/meganoffduty/status/549449204863881216
,2014-12-25 09:02,1,0,"Santa really outdid himself this year #glossier #allthestickers #glossierpink http:// instagram.com/p/xCY-2MvDBs/",,,#glossier #allthestickers #glossierpink,"548161781059710976",https://twitter.com/modernstripes/status/548161781059710976
,2014-12-16 19:01,0,0,"#glossierpink #12DaysofGIFting #igaddict #instafollow #life #follow4follow #TagFire #instago #cool … http:// ln.is/instagram.com/ p/s4s3k …",,,#glossierpink #12DaysofGIFting #igaddict #instafollow #life #follow4follow #TagFire #instago #cool,"545051115298250753",https://twitter.com/Kat_With_A_Kay/status/545051115298250753
,2014-12-11 09:24,0,0,"#beauty staples #Glossier #glossierpink #skincare glossier julepmaven http:// instagram.com/p/weYXuWJZU1/",,,#beauty #Glossier #glossierpink #skincare,"543093887640690689",https://twitter.com/aramisette/status/543093887640690689
,2014-12-11 09:15,0,0,"Win Soothing Face Mists + #glossierpink flowers for you and your friends. #12DaysofGIFting http:// gls.sr/1IpOm7M pic.twitter.com/5d635LaGuc",,,#glossierpink #12DaysofGIFting,"543091730308808705",https://twitter.com/glossier/status/543091730308808705